id,filename,mask_filename,doc_type,tamper_class,label,width,height,person_name,dob
0000_aadhaar_genuine,images/0000_aadhaar_genuine.png,masks/0000_aadhaar_genuine_mask.png,aadhaar,genuine,0,856,540,Gaurav Sharma,1988-09-06
0001_passport_tampered_photo,images/0001_passport_tampered_photo.png,masks/0001_passport_tampered_photo_mask.png,passport,tampered_photo,1,860,600,Meera Agarwal,1987-04-29
0002_voter_id_tampered_text,images/0002_voter_id_tampered_text.png,masks/0002_voter_id_tampered_text_mask.png,voter_id,tampered_text,2,856,540,Neha Saxena,1982-06-15
0003_pan_card_genuine,images/0003_pan_card_genuine.png,masks/0003_pan_card_genuine_mask.png,pan_card,genuine,0,856,540,Divya Verma,1990-03-16
0004_driving_license_tampered_photo,images/0004_driving_license_tampered_photo.png,masks/0004_driving_license_tampered_photo_mask.png,driving_license,tampered_photo,1,856,540,Ajay Verma,1985-12-20
0005_aadhaar_tampered_text,images/0005_aadhaar_tampered_text.png,masks/0005_aadhaar_tampered_text_mask.png,aadhaar,tampered_text,2,856,540,Aarav Gupta,1985-02-27
0006_passport_genuine,images/0006_passport_genuine.png,masks/0006_passport_genuine_mask.png,passport,genuine,0,860,600,Yash Gupta,1987-03-12
0007_voter_id_tampered_photo,images/0007_voter_id_tampered_photo.png,masks/0007_voter_id_tampered_photo_mask.png,voter_id,tampered_photo,1,856,540,Varun Chopra,1968-09-20
0008_pan_card_tampered_text,images/0008_pan_card_tampered_text.png,masks/0008_pan_card_tampered_text_mask.png,pan_card,tampered_text,2,856,540,Mohan Reddy,1998-06-06
0009_driving_license_genuine,images/0009_driving_license_genuine.png,masks/0009_driving_license_genuine_mask.png,driving_license,genuine,0,856,540,Nikhil Singh,1977-10-16
0010_aadhaar_tampered_photo,images/0010_aadhaar_tampered_photo.png,masks/0010_aadhaar_tampered_photo_mask.png,aadhaar,tampered_photo,1,856,540,Sunita Banerjee,1990-12-23
0011_passport_tampered_text,images/0011_passport_tampered_text.png,masks/0011_passport_tampered_text_mask.png,passport,tampered_text,2,860,600,Mohan Banerjee,1963-04-28
0012_voter_id_genuine,images/0012_voter_id_genuine.png,masks/0012_voter_id_genuine_mask.png,voter_id,genuine,0,856,540,Sachin Chopra,1982-06-13
0013_pan_card_tampered_photo,images/0013_pan_card_tampered_photo.png,masks/0013_pan_card_tampered_photo_mask.png,pan_card,tampered_photo,1,856,540,Aditi Banerjee,1965-06-12
0014_driving_license_tampered_text,images/0014_driving_license_tampered_text.png,masks/0014_driving_license_tampered_text_mask.png,driving_license,tampered_text,2,856,540,Divya Malhotra,1974-11-22
0015_aadhaar_genuine,images/0015_aadhaar_genuine.png,masks/0015_aadhaar_genuine_mask.png,aadhaar,genuine,0,856,540,Varun Malhotra,1968-12-07
0016_passport_tampered_photo,images/0016_passport_tampered_photo.png,masks/0016_passport_tampered_photo_mask.png,passport,tampered_photo,1,860,600,Tanvi Mukherjee,1980-05-26
0017_voter_id_tampered_text,images/0017_voter_id_tampered_text.png,masks/0017_voter_id_tampered_text_mask.png,voter_id,tampered_text,2,856,540,Rekha Mehta,1963-01-29
0018_pan_card_genuine,images/0018_pan_card_genuine.png,masks/0018_pan_card_genuine_mask.png,pan_card,genuine,0,856,540,Sangeeta Mukherjee,1979-02-22
0019_driving_license_tampered_photo,images/0019_driving_license_tampered_photo.png,masks/0019_driving_license_tampered_photo_mask.png,driving_license,tampered_photo,1,856,540,Mohan Das,1994-11-05
0020_aadhaar_tampered_text,images/0020_aadhaar_tampered_text.png,masks/0020_aadhaar_tampered_text_mask.png,aadhaar,tampered_text,2,856,540,Tanvi Singh,1997-04-27
0021_passport_genuine,images/0021_passport_genuine.png,masks/0021_passport_genuine_mask.png,passport,genuine,0,860,600,Kiran Gupta,1962-10-10
0022_voter_id_tampered_photo,images/0022_voter_id_tampered_photo.png,masks/0022_voter_id_tampered_photo_mask.png,voter_id,tampered_photo,1,856,540,Sachin Yadav,1994-07-31
0023_pan_card_tampered_text,images/0023_pan_card_tampered_text.png,masks/0023_pan_card_tampered_text_mask.png,pan_card,tampered_text,2,856,540,Sneha Dubey,1997-08-23
0024_driving_license_genuine,images/0024_driving_license_genuine.png,masks/0024_driving_license_genuine_mask.png,driving_license,genuine,0,856,540,Neha Dubey,1988-05-03
0025_aadhaar_tampered_photo,images/0025_aadhaar_tampered_photo.png,masks/0025_aadhaar_tampered_photo_mask.png,aadhaar,tampered_photo,1,856,540,Meera Sharma,1983-01-06
0026_passport_tampered_text,images/0026_passport_tampered_text.png,masks/0026_passport_tampered_text_mask.png,passport,tampered_text,2,860,600,Mohan Pandey,1984-11-07
0027_voter_id_genuine,images/0027_voter_id_genuine.png,masks/0027_voter_id_genuine_mask.png,voter_id,genuine,0,856,540,Sachin Nair,1999-11-17
0028_pan_card_tampered_photo,images/0028_pan_card_tampered_photo.png,masks/0028_pan_card_tampered_photo_mask.png,pan_card,tampered_photo,1,856,540,Sachin Sharma,1972-10-25
0029_driving_license_tampered_text,images/0029_driving_license_tampered_text.png,masks/0029_driving_license_tampered_text_mask.png,driving_license,tampered_text,2,856,540,Sunita Rao,1986-10-10
0030_aadhaar_genuine,images/0030_aadhaar_genuine.png,masks/0030_aadhaar_genuine_mask.png,aadhaar,genuine,0,856,540,Divya Das,1966-02-27
0031_passport_tampered_photo,images/0031_passport_tampered_photo.png,masks/0031_passport_tampered_photo_mask.png,passport,tampered_photo,1,860,600,Vikram Yadav,1967-11-15
0032_voter_id_tampered_text,images/0032_voter_id_tampered_text.png,masks/0032_voter_id_tampered_text_mask.png,voter_id,tampered_text,2,856,540,Gaurav Mukherjee,1979-10-27
0033_pan_card_genuine,images/0033_pan_card_genuine.png,masks/0033_pan_card_genuine_mask.png,pan_card,genuine,0,856,540,Amit Reddy,1970-12-23
0034_driving_license_tampered_photo,images/0034_driving_license_tampered_photo.png,masks/0034_driving_license_tampered_photo_mask.png,driving_license,tampered_photo,1,856,540,Sachin Srivastava,1964-02-23
0035_aadhaar_tampered_text,images/0035_aadhaar_tampered_text.png,masks/0035_aadhaar_tampered_text_mask.png,aadhaar,tampered_text,2,856,540,Suresh Kumar,1967-07-19
0036_passport_genuine,images/0036_passport_genuine.png,masks/0036_passport_genuine_mask.png,passport,genuine,0,860,600,Divya Kapoor,1985-05-19
0037_voter_id_tampered_photo,images/0037_voter_id_tampered_photo.png,masks/0037_voter_id_tampered_photo_mask.png,voter_id,tampered_photo,1,856,540,Deepa Sharma,1964-10-11
0038_pan_card_tampered_text,images/0038_pan_card_tampered_text.png,masks/0038_pan_card_tampered_text_mask.png,pan_card,tampered_text,2,856,540,Sangeeta Das,1973-06-23
0039_driving_license_genuine,images/0039_driving_license_genuine.png,masks/0039_driving_license_genuine_mask.png,driving_license,genuine,0,856,540,Deepa Gupta,1978-08-29
0040_aadhaar_tampered_photo,images/0040_aadhaar_tampered_photo.png,masks/0040_aadhaar_tampered_photo_mask.png,aadhaar,tampered_photo,1,856,540,Sanjay Bajaj,1996-07-02
0041_passport_tampered_text,images/0041_passport_tampered_text.png,masks/0041_passport_tampered_text_mask.png,passport,tampered_text,2,860,600,Divya Srivastava,1979-01-26
0042_voter_id_genuine,images/0042_voter_id_genuine.png,masks/0042_voter_id_genuine_mask.png,voter_id,genuine,0,856,540,Ravi Banerjee,1992-10-14
0043_pan_card_tampered_photo,images/0043_pan_card_tampered_photo.png,masks/0043_pan_card_tampered_photo_mask.png,pan_card,tampered_photo,1,856,540,Varun Tiwari,1966-02-24
0044_driving_license_tampered_text,images/0044_driving_license_tampered_text.png,masks/0044_driving_license_tampered_text_mask.png,driving_license,tampered_text,2,856,540,Arjun Sharma,1986-05-07
0045_aadhaar_genuine,images/0045_aadhaar_genuine.png,masks/0045_aadhaar_genuine_mask.png,aadhaar,genuine,0,856,540,Sunita Pandey,1962-01-23
0046_passport_tampered_photo,images/0046_passport_tampered_photo.png,masks/0046_passport_tampered_photo_mask.png,passport,tampered_photo,1,860,600,Amit Bajaj,1964-03-04
0047_voter_id_tampered_text,images/0047_voter_id_tampered_text.png,masks/0047_voter_id_tampered_text_mask.png,voter_id,tampered_text,2,856,540,Anjali Yadav,1960-07-14
0048_pan_card_genuine,images/0048_pan_card_genuine.png,masks/0048_pan_card_genuine_mask.png,pan_card,genuine,0,856,540,Nisha Joshi,1976-01-13
0049_driving_license_tampered_photo,images/0049_driving_license_tampered_photo.png,masks/0049_driving_license_tampered_photo_mask.png,driving_license,tampered_photo,1,856,540,Rekha Chatterjee,1967-10-25
0050_aadhaar_tampered_text,images/0050_aadhaar_tampered_text.png,masks/0050_aadhaar_tampered_text_mask.png,aadhaar,tampered_text,2,856,540,Arjun Agarwal,1992-10-31
0051_passport_genuine,images/0051_passport_genuine.png,masks/0051_passport_genuine_mask.png,passport,genuine,0,860,600,Suresh Dubey,1963-11-05
0052_voter_id_tampered_photo,images/0052_voter_id_tampered_photo.png,masks/0052_voter_id_tampered_photo_mask.png,voter_id,tampered_photo,1,856,540,Suresh Kapoor,1999-06-25
0053_pan_card_tampered_text,images/0053_pan_card_tampered_text.png,masks/0053_pan_card_tampered_text_mask.png,pan_card,tampered_text,2,856,540,Gaurav Mukherjee,1977-10-21
0054_driving_license_genuine,images/0054_driving_license_genuine.png,masks/0054_driving_license_genuine_mask.png,driving_license,genuine,0,856,540,Sangeeta Mukherjee,1989-08-18
0055_aadhaar_tampered_photo,images/0055_aadhaar_tampered_photo.png,masks/0055_aadhaar_tampered_photo_mask.png,aadhaar,tampered_photo,1,856,540,Sangeeta Malhotra,1966-06-04
0056_passport_tampered_text,images/0056_passport_tampered_text.png,masks/0056_passport_tampered_text_mask.png,passport,tampered_text,2,860,600,Aditi Bose,1969-06-22
0057_voter_id_genuine,images/0057_voter_id_genuine.png,masks/0057_voter_id_genuine_mask.png,voter_id,genuine,0,856,540,Priya Pillai,1988-11-25
0058_pan_card_tampered_photo,images/0058_pan_card_tampered_photo.png,masks/0058_pan_card_tampered_photo_mask.png,pan_card,tampered_photo,1,856,540,Mohan Srivastava,1994-06-06
0059_driving_license_tampered_text,images/0059_driving_license_tampered_text.png,masks/0059_driving_license_tampered_text_mask.png,driving_license,tampered_text,2,856,540,Tanvi Chatterjee,1992-02-23
0060_aadhaar_genuine,images/0060_aadhaar_genuine.png,masks/0060_aadhaar_genuine_mask.png,aadhaar,genuine,0,856,540,Sangeeta Chatterjee,1998-08-10
0061_passport_tampered_photo,images/0061_passport_tampered_photo.png,masks/0061_passport_tampered_photo_mask.png,passport,tampered_photo,1,860,600,Tanvi Tiwari,2000-11-19
0062_voter_id_tampered_text,images/0062_voter_id_tampered_text.png,masks/0062_voter_id_tampered_text_mask.png,voter_id,tampered_text,2,856,540,Rajesh Agarwal,1977-04-23
0063_pan_card_genuine,images/0063_pan_card_genuine.png,masks/0063_pan_card_genuine_mask.png,pan_card,genuine,0,856,540,Rekha Malhotra,1960-07-01
0064_driving_license_tampered_photo,images/0064_driving_license_tampered_photo.png,masks/0064_driving_license_tampered_photo_mask.png,driving_license,tampered_photo,1,856,540,Kiran Pandey,1980-10-05
0065_aadhaar_tampered_text,images/0065_aadhaar_tampered_text.png,masks/0065_aadhaar_tampered_text_mask.png,aadhaar,tampered_text,2,856,540,Sangeeta Gupta,1961-10-15
0066_passport_genuine,images/0066_passport_genuine.png,masks/0066_passport_genuine_mask.png,passport,genuine,0,860,600,Sunita Kumar,1998-11-26
0067_voter_id_tampered_photo,images/0067_voter_id_tampered_photo.png,masks/0067_voter_id_tampered_photo_mask.png,voter_id,tampered_photo,1,856,540,Aarav Reddy,1983-04-25
0068_pan_card_tampered_text,images/0068_pan_card_tampered_text.png,masks/0068_pan_card_tampered_text_mask.png,pan_card,tampered_text,2,856,540,Neha Banerjee,1994-09-13
0069_driving_license_genuine,images/0069_driving_license_genuine.png,masks/0069_driving_license_genuine_mask.png,driving_license,genuine,0,856,540,Sachin Sharma,1983-03-03
0070_aadhaar_tampered_photo,images/0070_aadhaar_tampered_photo.png,masks/0070_aadhaar_tampered_photo_mask.png,aadhaar,tampered_photo,1,856,540,Preeti Pillai,1991-04-28
0071_passport_tampered_text,images/0071_passport_tampered_text.png,masks/0071_passport_tampered_text_mask.png,passport,tampered_text,2,860,600,Rajesh Pandey,1985-01-02
0072_voter_id_genuine,images/0072_voter_id_genuine.png,masks/0072_voter_id_genuine_mask.png,voter_id,genuine,0,856,540,Rajesh Das,1964-08-29
0073_pan_card_tampered_photo,images/0073_pan_card_tampered_photo.png,masks/0073_pan_card_tampered_photo_mask.png,pan_card,tampered_photo,1,856,540,Varun Joshi,1997-02-27
0074_driving_license_tampered_text,images/0074_driving_license_tampered_text.png,masks/0074_driving_license_tampered_text_mask.png,driving_license,tampered_text,2,856,540,Ravi Srivastava,1968-12-07
0075_aadhaar_genuine,images/0075_aadhaar_genuine.png,masks/0075_aadhaar_genuine_mask.png,aadhaar,genuine,0,856,540,Arjun Saxena,1967-03-12
0076_passport_tampered_photo,images/0076_passport_tampered_photo.png,masks/0076_passport_tampered_photo_mask.png,passport,tampered_photo,1,860,600,Anjali Yadav,1995-08-17
0077_voter_id_tampered_text,images/0077_voter_id_tampered_text.png,masks/0077_voter_id_tampered_text_mask.png,voter_id,tampered_text,2,856,540,Riya Bajaj,1994-08-10
0078_pan_card_genuine,images/0078_pan_card_genuine.png,masks/0078_pan_card_genuine_mask.png,pan_card,genuine,0,856,540,Kavya Chopra,1994-03-08
0079_driving_license_tampered_photo,images/0079_driving_license_tampered_photo.png,masks/0079_driving_license_tampered_photo_mask.png,driving_license,tampered_photo,1,856,540,Rajesh Kumar,1961-12-13
0080_aadhaar_tampered_text,images/0080_aadhaar_tampered_text.png,masks/0080_aadhaar_tampered_text_mask.png,aadhaar,tampered_text,2,856,540,Sachin Patel,1980-02-24
0081_passport_genuine,images/0081_passport_genuine.png,masks/0081_passport_genuine_mask.png,passport,genuine,0,860,600,Sangeeta Malhotra,1990-11-08
0082_voter_id_tampered_photo,images/0082_voter_id_tampered_photo.png,masks/0082_voter_id_tampered_photo_mask.png,voter_id,tampered_photo,1,856,540,Rajesh Mishra,1964-01-17
0083_pan_card_tampered_text,images/0083_pan_card_tampered_text.png,masks/0083_pan_card_tampered_text_mask.png,pan_card,tampered_text,2,856,540,Deepa Verma,1974-11-07
0084_driving_license_genuine,images/0084_driving_license_genuine.png,masks/0084_driving_license_genuine_mask.png,driving_license,genuine,0,856,540,Arjun Nair,1971-05-31
0085_aadhaar_tampered_photo,images/0085_aadhaar_tampered_photo.png,masks/0085_aadhaar_tampered_photo_mask.png,aadhaar,tampered_photo,1,856,540,Yash Sharma,1979-11-27
0086_passport_tampered_text,images/0086_passport_tampered_text.png,masks/0086_passport_tampered_text_mask.png,passport,tampered_text,2,860,600,Varun Verma,1964-10-01
0087_voter_id_genuine,images/0087_voter_id_genuine.png,masks/0087_voter_id_genuine_mask.png,voter_id,genuine,0,856,540,Pooja Yadav,1975-04-14
0088_pan_card_tampered_photo,images/0088_pan_card_tampered_photo.png,masks/0088_pan_card_tampered_photo_mask.png,pan_card,tampered_photo,1,856,540,Rohit Malhotra,1964-12-02
0089_driving_license_tampered_text,images/0089_driving_license_tampered_text.png,masks/0089_driving_license_tampered_text_mask.png,driving_license,tampered_text,2,856,540,Preeti Singh,1980-11-08
0090_aadhaar_genuine,images/0090_aadhaar_genuine.png,masks/0090_aadhaar_genuine_mask.png,aadhaar,genuine,0,856,540,Suresh Verma,1985-11-30
0091_passport_tampered_photo,images/0091_passport_tampered_photo.png,masks/0091_passport_tampered_photo_mask.png,passport,tampered_photo,1,860,600,Gaurav Chatterjee,1986-11-20
0092_voter_id_tampered_text,images/0092_voter_id_tampered_text.png,masks/0092_voter_id_tampered_text_mask.png,voter_id,tampered_text,2,856,540,Yash Chatterjee,1960-03-01
0093_pan_card_genuine,images/0093_pan_card_genuine.png,masks/0093_pan_card_genuine_mask.png,pan_card,genuine,0,856,540,Anjali Kapoor,1967-09-23
0094_driving_license_tampered_photo,images/0094_driving_license_tampered_photo.png,masks/0094_driving_license_tampered_photo_mask.png,driving_license,tampered_photo,1,856,540,Harsha Das,1992-03-03
0095_aadhaar_tampered_text,images/0095_aadhaar_tampered_text.png,masks/0095_aadhaar_tampered_text_mask.png,aadhaar,tampered_text,2,856,540,Pooja Bajaj,1966-07-02
0096_passport_genuine,images/0096_passport_genuine.png,masks/0096_passport_genuine_mask.png,passport,genuine,0,860,600,Sunita Mukherjee,1960-09-17
0097_voter_id_tampered_photo,images/0097_voter_id_tampered_photo.png,masks/0097_voter_id_tampered_photo_mask.png,voter_id,tampered_photo,1,856,540,Gaurav Chopra,1997-03-18
0098_pan_card_tampered_text,images/0098_pan_card_tampered_text.png,masks/0098_pan_card_tampered_text_mask.png,pan_card,tampered_text,2,856,540,Manish Kumar,1967-11-13
0099_driving_license_genuine,images/0099_driving_license_genuine.png,masks/0099_driving_license_genuine_mask.png,driving_license,genuine,0,856,540,Varun Pandey,1976-07-31
0100_aadhaar_tampered_photo,images/0100_aadhaar_tampered_photo.png,masks/0100_aadhaar_tampered_photo_mask.png,aadhaar,tampered_photo,1,856,540,Gaurav Tiwari,1961-04-11
0101_passport_tampered_text,images/0101_passport_tampered_text.png,masks/0101_passport_tampered_text_mask.png,passport,tampered_text,2,860,600,Sachin Chatterjee,1997-12-14
0102_voter_id_genuine,images/0102_voter_id_genuine.png,masks/0102_voter_id_genuine_mask.png,voter_id,genuine,0,856,540,Mohan Singh,1982-08-25
0103_pan_card_tampered_photo,images/0103_pan_card_tampered_photo.png,masks/0103_pan_card_tampered_photo_mask.png,pan_card,tampered_photo,1,856,540,Meera Singh,1964-07-24
0104_driving_license_tampered_text,images/0104_driving_license_tampered_text.png,masks/0104_driving_license_tampered_text_mask.png,driving_license,tampered_text,2,856,540,Kiran Mishra,1977-03-17
0105_aadhaar_genuine,images/0105_aadhaar_genuine.png,masks/0105_aadhaar_genuine_mask.png,aadhaar,genuine,0,856,540,Varun Mishra,1985-08-01
0106_passport_tampered_photo,images/0106_passport_tampered_photo.png,masks/0106_passport_tampered_photo_mask.png,passport,tampered_photo,1,860,600,Anjali Saxena,1985-05-24
0107_voter_id_tampered_text,images/0107_voter_id_tampered_text.png,masks/0107_voter_id_tampered_text_mask.png,voter_id,tampered_text,2,856,540,Nisha Srivastava,1974-10-09
0108_pan_card_genuine,images/0108_pan_card_genuine.png,masks/0108_pan_card_genuine_mask.png,pan_card,genuine,0,856,540,Mohan Singh,1974-01-27
0109_driving_license_tampered_photo,images/0109_driving_license_tampered_photo.png,masks/0109_driving_license_tampered_photo_mask.png,driving_license,tampered_photo,1,856,540,Manish Sharma,1995-07-19
0110_aadhaar_tampered_text,images/0110_aadhaar_tampered_text.png,masks/0110_aadhaar_tampered_text_mask.png,aadhaar,tampered_text,2,856,540,Tanvi Bajaj,1993-07-18
0111_passport_genuine,images/0111_passport_genuine.png,masks/0111_passport_genuine_mask.png,passport,genuine,0,860,600,Riya Das,1988-03-08
0112_voter_id_tampered_photo,images/0112_voter_id_tampered_photo.png,masks/0112_voter_id_tampered_photo_mask.png,voter_id,tampered_photo,1,856,540,Preeti Singh,1983-08-26
0113_pan_card_tampered_text,images/0113_pan_card_tampered_text.png,masks/0113_pan_card_tampered_text_mask.png,pan_card,tampered_text,2,856,540,Vikram Dubey,1990-12-24
0114_driving_license_genuine,images/0114_driving_license_genuine.png,masks/0114_driving_license_genuine_mask.png,driving_license,genuine,0,856,540,Yash Joshi,1970-05-30
0115_aadhaar_tampered_photo,images/0115_aadhaar_tampered_photo.png,masks/0115_aadhaar_tampered_photo_mask.png,aadhaar,tampered_photo,1,856,540,Kiran Tiwari,1991-10-07
0116_passport_tampered_text,images/0116_passport_tampered_text.png,masks/0116_passport_tampered_text_mask.png,passport,tampered_text,2,860,600,Sachin Das,1999-10-25
0117_voter_id_genuine,images/0117_voter_id_genuine.png,masks/0117_voter_id_genuine_mask.png,voter_id,genuine,0,856,540,Pooja Pillai,1981-05-12
0118_pan_card_tampered_photo,images/0118_pan_card_tampered_photo.png,masks/0118_pan_card_tampered_photo_mask.png,pan_card,tampered_photo,1,856,540,Amit Iyer,1999-01-17
0119_driving_license_tampered_text,images/0119_driving_license_tampered_text.png,masks/0119_driving_license_tampered_text_mask.png,driving_license,tampered_text,2,856,540,Preeti Mishra,1998-07-24
0120_aadhaar_genuine,images/0120_aadhaar_genuine.png,masks/0120_aadhaar_genuine_mask.png,aadhaar,genuine,0,856,540,Meera Sharma,1989-04-17
0121_passport_tampered_photo,images/0121_passport_tampered_photo.png,masks/0121_passport_tampered_photo_mask.png,passport,tampered_photo,1,860,600,Aarav Joshi,1979-12-10
0122_voter_id_tampered_text,images/0122_voter_id_tampered_text.png,masks/0122_voter_id_tampered_text_mask.png,voter_id,tampered_text,2,856,540,Kiran Mishra,1983-11-19
0123_pan_card_genuine,images/0123_pan_card_genuine.png,masks/0123_pan_card_genuine_mask.png,pan_card,genuine,0,856,540,Divya Gupta,1968-08-19
0124_driving_license_tampered_photo,images/0124_driving_license_tampered_photo.png,masks/0124_driving_license_tampered_photo_mask.png,driving_license,tampered_photo,1,856,540,Pooja Joshi,1980-12-04
0125_aadhaar_tampered_text,images/0125_aadhaar_tampered_text.png,masks/0125_aadhaar_tampered_text_mask.png,aadhaar,tampered_text,2,856,540,Rahul Verma,1974-09-12
0126_passport_genuine,images/0126_passport_genuine.png,masks/0126_passport_genuine_mask.png,passport,genuine,0,860,600,Arjun Pandey,1988-12-12
0127_voter_id_tampered_photo,images/0127_voter_id_tampered_photo.png,masks/0127_voter_id_tampered_photo_mask.png,voter_id,tampered_photo,1,856,540,Suresh Mishra,1996-05-08
0128_pan_card_tampered_text,images/0128_pan_card_tampered_text.png,masks/0128_pan_card_tampered_text_mask.png,pan_card,tampered_text,2,856,540,Pooja Patel,1977-06-13
0129_driving_license_genuine,images/0129_driving_license_genuine.png,masks/0129_driving_license_genuine_mask.png,driving_license,genuine,0,856,540,Ravi Singh,1981-09-29
0130_aadhaar_tampered_photo,images/0130_aadhaar_tampered_photo.png,masks/0130_aadhaar_tampered_photo_mask.png,aadhaar,tampered_photo,1,856,540,Priya Mehta,1965-06-02
0131_passport_tampered_text,images/0131_passport_tampered_text.png,masks/0131_passport_tampered_text_mask.png,passport,tampered_text,2,860,600,Sneha Patel,1993-02-27
0132_voter_id_genuine,images/0132_voter_id_genuine.png,masks/0132_voter_id_genuine_mask.png,voter_id,genuine,0,856,540,Manish Yadav,1994-02-08
0133_pan_card_tampered_photo,images/0133_pan_card_tampered_photo.png,masks/0133_pan_card_tampered_photo_mask.png,pan_card,tampered_photo,1,856,540,Gaurav Tiwari,1960-07-21
0134_driving_license_tampered_text,images/0134_driving_license_tampered_text.png,masks/0134_driving_license_tampered_text_mask.png,driving_license,tampered_text,2,856,540,Rahul Chopra,1986-04-09
0135_aadhaar_genuine,images/0135_aadhaar_genuine.png,masks/0135_aadhaar_genuine_mask.png,aadhaar,genuine,0,856,540,Kavya Chopra,1961-06-04
0136_passport_tampered_photo,images/0136_passport_tampered_photo.png,masks/0136_passport_tampered_photo_mask.png,passport,tampered_photo,1,860,600,Sangeeta Tiwari,1979-01-02
0137_voter_id_tampered_text,images/0137_voter_id_tampered_text.png,masks/0137_voter_id_tampered_text_mask.png,voter_id,tampered_text,2,856,540,Meera Bose,1980-07-10
0138_pan_card_genuine,images/0138_pan_card_genuine.png,masks/0138_pan_card_genuine_mask.png,pan_card,genuine,0,856,540,Preeti Chopra,1995-02-22
0139_driving_license_tampered_photo,images/0139_driving_license_tampered_photo.png,masks/0139_driving_license_tampered_photo_mask.png,driving_license,tampered_photo,1,856,540,Deepa Rao,1980-06-16
0140_aadhaar_tampered_text,images/0140_aadhaar_tampered_text.png,masks/0140_aadhaar_tampered_text_mask.png,aadhaar,tampered_text,2,856,540,Kavya Patel,1989-06-30
0141_passport_genuine,images/0141_passport_genuine.png,masks/0141_passport_genuine_mask.png,passport,genuine,0,860,600,Rahul Yadav,2000-12-31
0142_voter_id_tampered_photo,images/0142_voter_id_tampered_photo.png,masks/0142_voter_id_tampered_photo_mask.png,voter_id,tampered_photo,1,856,540,Nikhil Nair,1964-12-18
0143_pan_card_tampered_text,images/0143_pan_card_tampered_text.png,masks/0143_pan_card_tampered_text_mask.png,pan_card,tampered_text,2,856,540,Nikhil Singh,1987-08-27
0144_driving_license_genuine,images/0144_driving_license_genuine.png,masks/0144_driving_license_genuine_mask.png,driving_license,genuine,0,856,540,Rekha Pandey,1999-12-29
0145_aadhaar_tampered_photo,images/0145_aadhaar_tampered_photo.png,masks/0145_aadhaar_tampered_photo_mask.png,aadhaar,tampered_photo,1,856,540,Suresh Banerjee,1989-02-04
0146_passport_tampered_text,images/0146_passport_tampered_text.png,masks/0146_passport_tampered_text_mask.png,passport,tampered_text,2,860,600,Preeti Patel,1964-06-30
0147_voter_id_genuine,images/0147_voter_id_genuine.png,masks/0147_voter_id_genuine_mask.png,voter_id,genuine,0,856,540,Amit Das,2000-03-04
0148_pan_card_tampered_photo,images/0148_pan_card_tampered_photo.png,masks/0148_pan_card_tampered_photo_mask.png,pan_card,tampered_photo,1,856,540,Deepa Joshi,1991-07-16
0149_driving_license_tampered_text,images/0149_driving_license_tampered_text.png,masks/0149_driving_license_tampered_text_mask.png,driving_license,tampered_text,2,856,540,Rajesh Bajaj,1984-11-09
0150_aadhaar_genuine,images/0150_aadhaar_genuine.png,masks/0150_aadhaar_genuine_mask.png,aadhaar,genuine,0,856,540,Varun Chopra,1986-05-04
0151_passport_tampered_photo,images/0151_passport_tampered_photo.png,masks/0151_passport_tampered_photo_mask.png,passport,tampered_photo,1,860,600,Tanvi Saxena,1979-10-10
0152_voter_id_tampered_text,images/0152_voter_id_tampered_text.png,masks/0152_voter_id_tampered_text_mask.png,voter_id,tampered_text,2,856,540,Rajesh Banerjee,1972-02-08
0153_pan_card_genuine,images/0153_pan_card_genuine.png,masks/0153_pan_card_genuine_mask.png,pan_card,genuine,0,856,540,Vivek Pandey,1978-07-28
0154_driving_license_tampered_photo,images/0154_driving_license_tampered_photo.png,masks/0154_driving_license_tampered_photo_mask.png,driving_license,tampered_photo,1,856,540,Aditi Patel,1960-09-11
0155_aadhaar_tampered_text,images/0155_aadhaar_tampered_text.png,masks/0155_aadhaar_tampered_text_mask.png,aadhaar,tampered_text,2,856,540,Divya Gupta,1998-11-20
0156_passport_genuine,images/0156_passport_genuine.png,masks/0156_passport_genuine_mask.png,passport,genuine,0,860,600,Harsha Iyer,1980-12-13
0157_voter_id_tampered_photo,images/0157_voter_id_tampered_photo.png,masks/0157_voter_id_tampered_photo_mask.png,voter_id,tampered_photo,1,856,540,Pooja Gupta,1983-08-26
0158_pan_card_tampered_text,images/0158_pan_card_tampered_text.png,masks/0158_pan_card_tampered_text_mask.png,pan_card,tampered_text,2,856,540,Meera Singh,1970-02-25
0159_driving_license_genuine,images/0159_driving_license_genuine.png,masks/0159_driving_license_genuine_mask.png,driving_license,genuine,0,856,540,Divya Patel,1989-01-31
0160_aadhaar_tampered_photo,images/0160_aadhaar_tampered_photo.png,masks/0160_aadhaar_tampered_photo_mask.png,aadhaar,tampered_photo,1,856,540,Meera Dubey,1969-03-24
0161_passport_tampered_text,images/0161_passport_tampered_text.png,masks/0161_passport_tampered_text_mask.png,passport,tampered_text,2,860,600,Manish Pandey,1989-07-30
0162_voter_id_genuine,images/0162_voter_id_genuine.png,masks/0162_voter_id_genuine_mask.png,voter_id,genuine,0,856,540,Rajesh Patel,1962-03-28
0163_pan_card_tampered_photo,images/0163_pan_card_tampered_photo.png,masks/0163_pan_card_tampered_photo_mask.png,pan_card,tampered_photo,1,856,540,Rahul Bose,1995-04-15
0164_driving_license_tampered_text,images/0164_driving_license_tampered_text.png,masks/0164_driving_license_tampered_text_mask.png,driving_license,tampered_text,2,856,540,Kiran Malhotra,1971-09-04
0165_aadhaar_genuine,images/0165_aadhaar_genuine.png,masks/0165_aadhaar_genuine_mask.png,aadhaar,genuine,0,856,540,Vikram Singh,1986-03-21
0166_passport_tampered_photo,images/0166_passport_tampered_photo.png,masks/0166_passport_tampered_photo_mask.png,passport,tampered_photo,1,860,600,Nikhil Yadav,1982-04-04
0167_voter_id_tampered_text,images/0167_voter_id_tampered_text.png,masks/0167_voter_id_tampered_text_mask.png,voter_id,tampered_text,2,856,540,Arjun Iyer,1975-07-07
0168_pan_card_genuine,images/0168_pan_card_genuine.png,masks/0168_pan_card_genuine_mask.png,pan_card,genuine,0,856,540,Suresh Kapoor,1991-08-20
0169_driving_license_tampered_photo,images/0169_driving_license_tampered_photo.png,masks/0169_driving_license_tampered_photo_mask.png,driving_license,tampered_photo,1,856,540,Rajesh Dubey,1997-02-23
0170_aadhaar_tampered_text,images/0170_aadhaar_tampered_text.png,masks/0170_aadhaar_tampered_text_mask.png,aadhaar,tampered_text,2,856,540,Harsha Patel,1971-08-23
0171_passport_genuine,images/0171_passport_genuine.png,masks/0171_passport_genuine_mask.png,passport,genuine,0,860,600,Mohan Saxena,1970-01-27
0172_voter_id_tampered_photo,images/0172_voter_id_tampered_photo.png,masks/0172_voter_id_tampered_photo_mask.png,voter_id,tampered_photo,1,856,540,Sunita Srivastava,1991-11-29
0173_pan_card_tampered_text,images/0173_pan_card_tampered_text.png,masks/0173_pan_card_tampered_text_mask.png,pan_card,tampered_text,2,856,540,Preeti Rao,1979-04-24
0174_driving_license_genuine,images/0174_driving_license_genuine.png,masks/0174_driving_license_genuine_mask.png,driving_license,genuine,0,856,540,Aarav Joshi,1988-06-17
0175_aadhaar_tampered_photo,images/0175_aadhaar_tampered_photo.png,masks/0175_aadhaar_tampered_photo_mask.png,aadhaar,tampered_photo,1,856,540,Rahul Sharma,1990-10-29
0176_passport_tampered_text,images/0176_passport_tampered_text.png,masks/0176_passport_tampered_text_mask.png,passport,tampered_text,2,860,600,Yash Reddy,1964-08-06
0177_voter_id_genuine,images/0177_voter_id_genuine.png,masks/0177_voter_id_genuine_mask.png,voter_id,genuine,0,856,540,Divya Banerjee,1985-04-05
0178_pan_card_tampered_photo,images/0178_pan_card_tampered_photo.png,masks/0178_pan_card_tampered_photo_mask.png,pan_card,tampered_photo,1,856,540,Rekha Iyer,1966-04-10
0179_driving_license_tampered_text,images/0179_driving_license_tampered_text.png,masks/0179_driving_license_tampered_text_mask.png,driving_license,tampered_text,2,856,540,Pooja Rao,1992-10-10
0180_aadhaar_genuine,images/0180_aadhaar_genuine.png,masks/0180_aadhaar_genuine_mask.png,aadhaar,genuine,0,856,540,Tanvi Kumar,1977-02-26
0181_passport_tampered_photo,images/0181_passport_tampered_photo.png,masks/0181_passport_tampered_photo_mask.png,passport,tampered_photo,1,860,600,Nikhil Yadav,1962-11-30
0182_voter_id_tampered_text,images/0182_voter_id_tampered_text.png,masks/0182_voter_id_tampered_text_mask.png,voter_id,tampered_text,2,856,540,Meera Verma,1997-03-17
0183_pan_card_genuine,images/0183_pan_card_genuine.png,masks/0183_pan_card_genuine_mask.png,pan_card,genuine,0,856,540,Mohan Tiwari,1968-11-25
0184_driving_license_tampered_photo,images/0184_driving_license_tampered_photo.png,masks/0184_driving_license_tampered_photo_mask.png,driving_license,tampered_photo,1,856,540,Priya Patel,1963-06-19
0185_aadhaar_tampered_text,images/0185_aadhaar_tampered_text.png,masks/0185_aadhaar_tampered_text_mask.png,aadhaar,tampered_text,2,856,540,Amit Gupta,1972-08-20
0186_passport_genuine,images/0186_passport_genuine.png,masks/0186_passport_genuine_mask.png,passport,genuine,0,860,600,Anjali Pandey,1991-02-21
0187_voter_id_tampered_photo,images/0187_voter_id_tampered_photo.png,masks/0187_voter_id_tampered_photo_mask.png,voter_id,tampered_photo,1,856,540,Manish Das,1961-04-29
0188_pan_card_tampered_text,images/0188_pan_card_tampered_text.png,masks/0188_pan_card_tampered_text_mask.png,pan_card,tampered_text,2,856,540,Mohan Srivastava,1986-11-23
0189_driving_license_genuine,images/0189_driving_license_genuine.png,masks/0189_driving_license_genuine_mask.png,driving_license,genuine,0,856,540,Rajesh Gupta,1969-06-04
0190_aadhaar_tampered_photo,images/0190_aadhaar_tampered_photo.png,masks/0190_aadhaar_tampered_photo_mask.png,aadhaar,tampered_photo,1,856,540,Varun Sharma,1981-09-16
0191_passport_tampered_text,images/0191_passport_tampered_text.png,masks/0191_passport_tampered_text_mask.png,passport,tampered_text,2,860,600,Arjun Mehta,1974-04-21
0192_voter_id_genuine,images/0192_voter_id_genuine.png,masks/0192_voter_id_genuine_mask.png,voter_id,genuine,0,856,540,Preeti Chopra,1994-05-19
0193_pan_card_tampered_photo,images/0193_pan_card_tampered_photo.png,masks/0193_pan_card_tampered_photo_mask.png,pan_card,tampered_photo,1,856,540,Amit Tiwari,1981-01-28
0194_driving_license_tampered_text,images/0194_driving_license_tampered_text.png,masks/0194_driving_license_tampered_text_mask.png,driving_license,tampered_text,2,856,540,Mohan Iyer,1960-09-22
0195_aadhaar_genuine,images/0195_aadhaar_genuine.png,masks/0195_aadhaar_genuine_mask.png,aadhaar,genuine,0,856,540,Pooja Tiwari,1970-06-14
0196_passport_tampered_photo,images/0196_passport_tampered_photo.png,masks/0196_passport_tampered_photo_mask.png,passport,tampered_photo,1,860,600,Kavya Chatterjee,1966-12-26
0197_voter_id_tampered_text,images/0197_voter_id_tampered_text.png,masks/0197_voter_id_tampered_text_mask.png,voter_id,tampered_text,2,856,540,Harsha Srivastava,1981-06-07
0198_pan_card_genuine,images/0198_pan_card_genuine.png,masks/0198_pan_card_genuine_mask.png,pan_card,genuine,0,856,540,Ravi Yadav,1970-03-10
0199_driving_license_tampered_photo,images/0199_driving_license_tampered_photo.png,masks/0199_driving_license_tampered_photo_mask.png,driving_license,tampered_photo,1,856,540,Vivek Patel,1962-08-28
0200_aadhaar_tampered_text,images/0200_aadhaar_tampered_text.png,masks/0200_aadhaar_tampered_text_mask.png,aadhaar,tampered_text,2,856,540,Riya Yadav,1998-10-22
0201_passport_genuine,images/0201_passport_genuine.png,masks/0201_passport_genuine_mask.png,passport,genuine,0,860,600,Rekha Tiwari,1969-05-23
0202_voter_id_tampered_photo,images/0202_voter_id_tampered_photo.png,masks/0202_voter_id_tampered_photo_mask.png,voter_id,tampered_photo,1,856,540,Rekha Patel,1971-01-11
0203_pan_card_tampered_text,images/0203_pan_card_tampered_text.png,masks/0203_pan_card_tampered_text_mask.png,pan_card,tampered_text,2,856,540,Suresh Chopra,2000-03-08
0204_driving_license_genuine,images/0204_driving_license_genuine.png,masks/0204_driving_license_genuine_mask.png,driving_license,genuine,0,856,540,Tanvi Gupta,1962-08-27
0205_aadhaar_tampered_photo,images/0205_aadhaar_tampered_photo.png,masks/0205_aadhaar_tampered_photo_mask.png,aadhaar,tampered_photo,1,856,540,Nisha Gupta,1996-05-16
0206_passport_tampered_text,images/0206_passport_tampered_text.png,masks/0206_passport_tampered_text_mask.png,passport,tampered_text,2,860,600,Pooja Chopra,1963-04-10
0207_voter_id_genuine,images/0207_voter_id_genuine.png,masks/0207_voter_id_genuine_mask.png,voter_id,genuine,0,856,540,Kavya Saxena,1969-01-02
0208_pan_card_tampered_photo,images/0208_pan_card_tampered_photo.png,masks/0208_pan_card_tampered_photo_mask.png,pan_card,tampered_photo,1,856,540,Manish Kapoor,1961-09-21
0209_driving_license_tampered_text,images/0209_driving_license_tampered_text.png,masks/0209_driving_license_tampered_text_mask.png,driving_license,tampered_text,2,856,540,Nikhil Bose,1969-09-24
0210_aadhaar_genuine,images/0210_aadhaar_genuine.png,masks/0210_aadhaar_genuine_mask.png,aadhaar,genuine,0,856,540,Divya Dubey,1973-08-08
0211_passport_tampered_photo,images/0211_passport_tampered_photo.png,masks/0211_passport_tampered_photo_mask.png,passport,tampered_photo,1,860,600,Sangeeta Kapoor,1981-12-17
0212_voter_id_tampered_text,images/0212_voter_id_tampered_text.png,masks/0212_voter_id_tampered_text_mask.png,voter_id,tampered_text,2,856,540,Nisha Banerjee,1967-01-03
0213_pan_card_genuine,images/0213_pan_card_genuine.png,masks/0213_pan_card_genuine_mask.png,pan_card,genuine,0,856,540,Ajay Mukherjee,1991-04-25
0214_driving_license_tampered_photo,images/0214_driving_license_tampered_photo.png,masks/0214_driving_license_tampered_photo_mask.png,driving_license,tampered_photo,1,856,540,Divya Singh,1975-11-07
0215_aadhaar_tampered_text,images/0215_aadhaar_tampered_text.png,masks/0215_aadhaar_tampered_text_mask.png,aadhaar,tampered_text,2,856,540,Kiran Reddy,1963-01-01
0216_passport_genuine,images/0216_passport_genuine.png,masks/0216_passport_genuine_mask.png,passport,genuine,0,860,600,Sangeeta Yadav,1966-05-11
0217_voter_id_tampered_photo,images/0217_voter_id_tampered_photo.png,masks/0217_voter_id_tampered_photo_mask.png,voter_id,tampered_photo,1,856,540,Yash Tiwari,1960-11-11
0218_pan_card_tampered_text,images/0218_pan_card_tampered_text.png,masks/0218_pan_card_tampered_text_mask.png,pan_card,tampered_text,2,856,540,Yash Sharma,1969-09-22
0219_driving_license_genuine,images/0219_driving_license_genuine.png,masks/0219_driving_license_genuine_mask.png,driving_license,genuine,0,856,540,Riya Chatterjee,1994-07-09
0220_aadhaar_tampered_photo,images/0220_aadhaar_tampered_photo.png,masks/0220_aadhaar_tampered_photo_mask.png,aadhaar,tampered_photo,1,856,540,Mohan Patel,1998-03-06
0221_passport_tampered_text,images/0221_passport_tampered_text.png,masks/0221_passport_tampered_text_mask.png,passport,tampered_text,2,860,600,Ajay Nair,1960-06-22
0222_voter_id_genuine,images/0222_voter_id_genuine.png,masks/0222_voter_id_genuine_mask.png,voter_id,genuine,0,856,540,Nisha Gupta,1971-05-11
0223_pan_card_tampered_photo,images/0223_pan_card_tampered_photo.png,masks/0223_pan_card_tampered_photo_mask.png,pan_card,tampered_photo,1,856,540,Sachin Pandey,1980-01-04
0224_driving_license_tampered_text,images/0224_driving_license_tampered_text.png,masks/0224_driving_license_tampered_text_mask.png,driving_license,tampered_text,2,856,540,Ajay Yadav,1980-03-05
0225_aadhaar_genuine,images/0225_aadhaar_genuine.png,masks/0225_aadhaar_genuine_mask.png,aadhaar,genuine,0,856,540,Sachin Agarwal,1991-12-19
0226_passport_tampered_photo,images/0226_passport_tampered_photo.png,masks/0226_passport_tampered_photo_mask.png,passport,tampered_photo,1,860,600,Divya Bajaj,1995-02-28
0227_voter_id_tampered_text,images/0227_voter_id_tampered_text.png,masks/0227_voter_id_tampered_text_mask.png,voter_id,tampered_text,2,856,540,Sachin Tiwari,1961-01-12
0228_pan_card_genuine,images/0228_pan_card_genuine.png,masks/0228_pan_card_genuine_mask.png,pan_card,genuine,0,856,540,Rohit Patel,1966-09-07
0229_driving_license_tampered_photo,images/0229_driving_license_tampered_photo.png,masks/0229_driving_license_tampered_photo_mask.png,driving_license,tampered_photo,1,856,540,Ajay Tiwari,1988-09-17
0230_aadhaar_tampered_text,images/0230_aadhaar_tampered_text.png,masks/0230_aadhaar_tampered_text_mask.png,aadhaar,tampered_text,2,856,540,Rahul Patel,1962-04-21
0231_passport_genuine,images/0231_passport_genuine.png,masks/0231_passport_genuine_mask.png,passport,genuine,0,860,600,Manish Iyer,1978-09-24
0232_voter_id_tampered_photo,images/0232_voter_id_tampered_photo.png,masks/0232_voter_id_tampered_photo_mask.png,voter_id,tampered_photo,1,856,540,Sunita Bajaj,1987-12-13
0233_pan_card_tampered_text,images/0233_pan_card_tampered_text.png,masks/0233_pan_card_tampered_text_mask.png,pan_card,tampered_text,2,856,540,Rohit Das,1986-08-13
0234_driving_license_genuine,images/0234_driving_license_genuine.png,masks/0234_driving_license_genuine_mask.png,driving_license,genuine,0,856,540,Neha Sharma,1998-12-10
0235_aadhaar_tampered_photo,images/0235_aadhaar_tampered_photo.png,masks/0235_aadhaar_tampered_photo_mask.png,aadhaar,tampered_photo,1,856,540,Nisha Rao,1989-12-25
0236_passport_tampered_text,images/0236_passport_tampered_text.png,masks/0236_passport_tampered_text_mask.png,passport,tampered_text,2,860,600,Arjun Singh,1988-08-30
0237_voter_id_genuine,images/0237_voter_id_genuine.png,masks/0237_voter_id_genuine_mask.png,voter_id,genuine,0,856,540,Sneha Iyer,1989-02-05
0238_pan_card_tampered_photo,images/0238_pan_card_tampered_photo.png,masks/0238_pan_card_tampered_photo_mask.png,pan_card,tampered_photo,1,856,540,Riya Nair,1962-03-15
0239_driving_license_tampered_text,images/0239_driving_license_tampered_text.png,masks/0239_driving_license_tampered_text_mask.png,driving_license,tampered_text,2,856,540,Gaurav Reddy,1960-01-24
0240_aadhaar_genuine,images/0240_aadhaar_genuine.png,masks/0240_aadhaar_genuine_mask.png,aadhaar,genuine,0,856,540,Ravi Pandey,1986-04-22
0241_passport_tampered_photo,images/0241_passport_tampered_photo.png,masks/0241_passport_tampered_photo_mask.png,passport,tampered_photo,1,860,600,Ajay Bose,1990-01-17
0242_voter_id_tampered_text,images/0242_voter_id_tampered_text.png,masks/0242_voter_id_tampered_text_mask.png,voter_id,tampered_text,2,856,540,Vivek Kapoor,1995-09-11
0243_pan_card_genuine,images/0243_pan_card_genuine.png,masks/0243_pan_card_genuine_mask.png,pan_card,genuine,0,856,540,Sangeeta Rao,1972-07-10
0244_driving_license_tampered_photo,images/0244_driving_license_tampered_photo.png,masks/0244_driving_license_tampered_photo_mask.png,driving_license,tampered_photo,1,856,540,Aarav Tiwari,1961-06-26
0245_aadhaar_tampered_text,images/0245_aadhaar_tampered_text.png,masks/0245_aadhaar_tampered_text_mask.png,aadhaar,tampered_text,2,856,540,Mohan Gupta,1976-12-10
0246_passport_genuine,images/0246_passport_genuine.png,masks/0246_passport_genuine_mask.png,passport,genuine,0,860,600,Kavya Pandey,1993-12-07
0247_voter_id_tampered_photo,images/0247_voter_id_tampered_photo.png,masks/0247_voter_id_tampered_photo_mask.png,voter_id,tampered_photo,1,856,540,Gaurav Reddy,1974-02-18
0248_pan_card_tampered_text,images/0248_pan_card_tampered_text.png,masks/0248_pan_card_tampered_text_mask.png,pan_card,tampered_text,2,856,540,Tanvi Das,1977-07-28
0249_driving_license_genuine,images/0249_driving_license_genuine.png,masks/0249_driving_license_genuine_mask.png,driving_license,genuine,0,856,540,Swati Saxena,1962-05-02
0250_aadhaar_tampered_photo,images/0250_aadhaar_tampered_photo.png,masks/0250_aadhaar_tampered_photo_mask.png,aadhaar,tampered_photo,1,856,540,Rekha Banerjee,1997-03-30
0251_passport_tampered_text,images/0251_passport_tampered_text.png,masks/0251_passport_tampered_text_mask.png,passport,tampered_text,2,860,600,Swati Mishra,1987-05-13
0252_voter_id_genuine,images/0252_voter_id_genuine.png,masks/0252_voter_id_genuine_mask.png,voter_id,genuine,0,856,540,Rohit Banerjee,1963-08-05
0253_pan_card_tampered_photo,images/0253_pan_card_tampered_photo.png,masks/0253_pan_card_tampered_photo_mask.png,pan_card,tampered_photo,1,856,540,Pooja Malhotra,1960-06-23
0254_driving_license_tampered_text,images/0254_driving_license_tampered_text.png,masks/0254_driving_license_tampered_text_mask.png,driving_license,tampered_text,2,856,540,Mohan Agarwal,1967-09-12
0255_aadhaar_genuine,images/0255_aadhaar_genuine.png,masks/0255_aadhaar_genuine_mask.png,aadhaar,genuine,0,856,540,Sachin Malhotra,1972-12-14
0256_passport_tampered_photo,images/0256_passport_tampered_photo.png,masks/0256_passport_tampered_photo_mask.png,passport,tampered_photo,1,860,600,Manish Yadav,1992-03-25
0257_voter_id_tampered_text,images/0257_voter_id_tampered_text.png,masks/0257_voter_id_tampered_text_mask.png,voter_id,tampered_text,2,856,540,Sneha Reddy,1967-12-24
0258_pan_card_genuine,images/0258_pan_card_genuine.png,masks/0258_pan_card_genuine_mask.png,pan_card,genuine,0,856,540,Manish Chatterjee,1997-12-22
0259_driving_license_tampered_photo,images/0259_driving_license_tampered_photo.png,masks/0259_driving_license_tampered_photo_mask.png,driving_license,tampered_photo,1,856,540,Kavya Bajaj,1961-02-20
0260_aadhaar_tampered_text,images/0260_aadhaar_tampered_text.png,masks/0260_aadhaar_tampered_text_mask.png,aadhaar,tampered_text,2,856,540,Sanjay Das,1988-02-14
0261_passport_genuine,images/0261_passport_genuine.png,masks/0261_passport_genuine_mask.png,passport,genuine,0,860,600,Swati Dubey,1964-07-09
0262_voter_id_tampered_photo,images/0262_voter_id_tampered_photo.png,masks/0262_voter_id_tampered_photo_mask.png,voter_id,tampered_photo,1,856,540,Tanvi Reddy,1966-01-16
0263_pan_card_tampered_text,images/0263_pan_card_tampered_text.png,masks/0263_pan_card_tampered_text_mask.png,pan_card,tampered_text,2,856,540,Ajay Gupta,1964-03-02
0264_driving_license_genuine,images/0264_driving_license_genuine.png,masks/0264_driving_license_genuine_mask.png,driving_license,genuine,0,856,540,Pooja Chatterjee,1996-02-16
0265_aadhaar_tampered_photo,images/0265_aadhaar_tampered_photo.png,masks/0265_aadhaar_tampered_photo_mask.png,aadhaar,tampered_photo,1,856,540,Mohan Bajaj,1982-04-07
0266_passport_tampered_text,images/0266_passport_tampered_text.png,masks/0266_passport_tampered_text_mask.png,passport,tampered_text,2,860,600,Ravi Chatterjee,1962-06-01
0267_voter_id_genuine,images/0267_voter_id_genuine.png,masks/0267_voter_id_genuine_mask.png,voter_id,genuine,0,856,540,Rajesh Verma,1965-07-29
0268_pan_card_tampered_photo,images/0268_pan_card_tampered_photo.png,masks/0268_pan_card_tampered_photo_mask.png,pan_card,tampered_photo,1,856,540,Kiran Dubey,1987-05-22
0269_driving_license_tampered_text,images/0269_driving_license_tampered_text.png,masks/0269_driving_license_tampered_text_mask.png,driving_license,tampered_text,2,856,540,Sangeeta Chopra,1981-04-11
0270_aadhaar_genuine,images/0270_aadhaar_genuine.png,masks/0270_aadhaar_genuine_mask.png,aadhaar,genuine,0,856,540,Kiran Sharma,1962-11-27
0271_passport_tampered_photo,images/0271_passport_tampered_photo.png,masks/0271_passport_tampered_photo_mask.png,passport,tampered_photo,1,860,600,Meera Pandey,2000-10-26
0272_voter_id_tampered_text,images/0272_voter_id_tampered_text.png,masks/0272_voter_id_tampered_text_mask.png,voter_id,tampered_text,2,856,540,Sneha Bose,1974-09-06
0273_pan_card_genuine,images/0273_pan_card_genuine.png,masks/0273_pan_card_genuine_mask.png,pan_card,genuine,0,856,540,Nikhil Dubey,1969-11-25
0274_driving_license_tampered_photo,images/0274_driving_license_tampered_photo.png,masks/0274_driving_license_tampered_photo_mask.png,driving_license,tampered_photo,1,856,540,Ajay Kapoor,1985-12-02
0275_aadhaar_tampered_text,images/0275_aadhaar_tampered_text.png,masks/0275_aadhaar_tampered_text_mask.png,aadhaar,tampered_text,2,856,540,Harsha Mukherjee,1987-07-30
0276_passport_genuine,images/0276_passport_genuine.png,masks/0276_passport_genuine_mask.png,passport,genuine,0,860,600,Tanvi Chatterjee,1999-06-06
0277_voter_id_tampered_photo,images/0277_voter_id_tampered_photo.png,masks/0277_voter_id_tampered_photo_mask.png,voter_id,tampered_photo,1,856,540,Meera Kapoor,1996-08-23
0278_pan_card_tampered_text,images/0278_pan_card_tampered_text.png,masks/0278_pan_card_tampered_text_mask.png,pan_card,tampered_text,2,856,540,Vikram Bajaj,1997-06-20
0279_driving_license_genuine,images/0279_driving_license_genuine.png,masks/0279_driving_license_genuine_mask.png,driving_license,genuine,0,856,540,Ajay Joshi,1991-02-04
0280_aadhaar_tampered_photo,images/0280_aadhaar_tampered_photo.png,masks/0280_aadhaar_tampered_photo_mask.png,aadhaar,tampered_photo,1,856,540,Tanvi Rao,1992-05-04
0281_passport_tampered_text,images/0281_passport_tampered_text.png,masks/0281_passport_tampered_text_mask.png,passport,tampered_text,2,860,600,Gaurav Bose,1964-02-07
0282_voter_id_genuine,images/0282_voter_id_genuine.png,masks/0282_voter_id_genuine_mask.png,voter_id,genuine,0,856,540,Pooja Kapoor,1963-09-16
0283_pan_card_tampered_photo,images/0283_pan_card_tampered_photo.png,masks/0283_pan_card_tampered_photo_mask.png,pan_card,tampered_photo,1,856,540,Amit Agarwal,1986-08-25
0284_driving_license_tampered_text,images/0284_driving_license_tampered_text.png,masks/0284_driving_license_tampered_text_mask.png,driving_license,tampered_text,2,856,540,Kiran Chatterjee,1994-04-25
0285_aadhaar_genuine,images/0285_aadhaar_genuine.png,masks/0285_aadhaar_genuine_mask.png,aadhaar,genuine,0,856,540,Pooja Mukherjee,1992-02-23
0286_passport_tampered_photo,images/0286_passport_tampered_photo.png,masks/0286_passport_tampered_photo_mask.png,passport,tampered_photo,1,860,600,Sneha Bajaj,1972-08-18
0287_voter_id_tampered_text,images/0287_voter_id_tampered_text.png,masks/0287_voter_id_tampered_text_mask.png,voter_id,tampered_text,2,856,540,Nisha Kapoor,1992-10-04
0288_pan_card_genuine,images/0288_pan_card_genuine.png,masks/0288_pan_card_genuine_mask.png,pan_card,genuine,0,856,540,Kavya Chatterjee,1998-02-24
0289_driving_license_tampered_photo,images/0289_driving_license_tampered_photo.png,masks/0289_driving_license_tampered_photo_mask.png,driving_license,tampered_photo,1,856,540,Vivek Yadav,1997-09-25
0290_aadhaar_tampered_text,images/0290_aadhaar_tampered_text.png,masks/0290_aadhaar_tampered_text_mask.png,aadhaar,tampered_text,2,856,540,Sanjay Bajaj,1992-06-28
0291_passport_genuine,images/0291_passport_genuine.png,masks/0291_passport_genuine_mask.png,passport,genuine,0,860,600,Deepa Yadav,1982-10-15
0292_voter_id_tampered_photo,images/0292_voter_id_tampered_photo.png,masks/0292_voter_id_tampered_photo_mask.png,voter_id,tampered_photo,1,856,540,Sangeeta Kumar,1972-08-06
0293_pan_card_tampered_text,images/0293_pan_card_tampered_text.png,masks/0293_pan_card_tampered_text_mask.png,pan_card,tampered_text,2,856,540,Deepa Chopra,1983-09-25
0294_driving_license_genuine,images/0294_driving_license_genuine.png,masks/0294_driving_license_genuine_mask.png,driving_license,genuine,0,856,540,Rekha Mukherjee,1969-12-20
0295_aadhaar_tampered_photo,images/0295_aadhaar_tampered_photo.png,masks/0295_aadhaar_tampered_photo_mask.png,aadhaar,tampered_photo,1,856,540,Gaurav Banerjee,1994-08-21
0296_passport_tampered_text,images/0296_passport_tampered_text.png,masks/0296_passport_tampered_text_mask.png,passport,tampered_text,2,860,600,Kavya Srivastava,1964-04-23
0297_voter_id_genuine,images/0297_voter_id_genuine.png,masks/0297_voter_id_genuine_mask.png,voter_id,genuine,0,856,540,Rohit Bose,1972-03-19
0298_pan_card_tampered_photo,images/0298_pan_card_tampered_photo.png,masks/0298_pan_card_tampered_photo_mask.png,pan_card,tampered_photo,1,856,540,Pooja Iyer,1990-04-02
0299_driving_license_tampered_text,images/0299_driving_license_tampered_text.png,masks/0299_driving_license_tampered_text_mask.png,driving_license,tampered_text,2,856,540,Kavya Verma,1979-12-26
0300_aadhaar_genuine,images/0300_aadhaar_genuine.png,masks/0300_aadhaar_genuine_mask.png,aadhaar,genuine,0,856,540,Vivek Kumar,1968-07-18
0301_passport_tampered_photo,images/0301_passport_tampered_photo.png,masks/0301_passport_tampered_photo_mask.png,passport,tampered_photo,1,860,600,Kavya Saxena,1969-01-06
0302_voter_id_tampered_text,images/0302_voter_id_tampered_text.png,masks/0302_voter_id_tampered_text_mask.png,voter_id,tampered_text,2,856,540,Anjali Kapoor,1973-02-16
0303_pan_card_genuine,images/0303_pan_card_genuine.png,masks/0303_pan_card_genuine_mask.png,pan_card,genuine,0,856,540,Suresh Kumar,1991-02-24
0304_driving_license_tampered_photo,images/0304_driving_license_tampered_photo.png,masks/0304_driving_license_tampered_photo_mask.png,driving_license,tampered_photo,1,856,540,Ajay Srivastava,1967-03-05
0305_aadhaar_tampered_text,images/0305_aadhaar_tampered_text.png,masks/0305_aadhaar_tampered_text_mask.png,aadhaar,tampered_text,2,856,540,Riya Bose,1961-12-15
0306_passport_genuine,images/0306_passport_genuine.png,masks/0306_passport_genuine_mask.png,passport,genuine,0,860,600,Meera Das,1972-10-02
0307_voter_id_tampered_photo,images/0307_voter_id_tampered_photo.png,masks/0307_voter_id_tampered_photo_mask.png,voter_id,tampered_photo,1,856,540,Kiran Reddy,1962-09-04
0308_pan_card_tampered_text,images/0308_pan_card_tampered_text.png,masks/0308_pan_card_tampered_text_mask.png,pan_card,tampered_text,2,856,540,Riya Joshi,1964-07-03
0309_driving_license_genuine,images/0309_driving_license_genuine.png,masks/0309_driving_license_genuine_mask.png,driving_license,genuine,0,856,540,Mohan Nair,1975-10-15
0310_aadhaar_tampered_photo,images/0310_aadhaar_tampered_photo.png,masks/0310_aadhaar_tampered_photo_mask.png,aadhaar,tampered_photo,1,856,540,Amit Mishra,1999-03-31
0311_passport_tampered_text,images/0311_passport_tampered_text.png,masks/0311_passport_tampered_text_mask.png,passport,tampered_text,2,860,600,Ajay Das,1965-11-24
0312_voter_id_genuine,images/0312_voter_id_genuine.png,masks/0312_voter_id_genuine_mask.png,voter_id,genuine,0,856,540,Rahul Reddy,1960-02-24
0313_pan_card_tampered_photo,images/0313_pan_card_tampered_photo.png,masks/0313_pan_card_tampered_photo_mask.png,pan_card,tampered_photo,1,856,540,Nikhil Rao,1980-08-10
0314_driving_license_tampered_text,images/0314_driving_license_tampered_text.png,masks/0314_driving_license_tampered_text_mask.png,driving_license,tampered_text,2,856,540,Varun Bajaj,1979-11-10
0315_aadhaar_genuine,images/0315_aadhaar_genuine.png,masks/0315_aadhaar_genuine_mask.png,aadhaar,genuine,0,856,540,Arjun Yadav,1987-04-30
0316_passport_tampered_photo,images/0316_passport_tampered_photo.png,masks/0316_passport_tampered_photo_mask.png,passport,tampered_photo,1,860,600,Priya Yadav,1969-04-26
0317_voter_id_tampered_text,images/0317_voter_id_tampered_text.png,masks/0317_voter_id_tampered_text_mask.png,voter_id,tampered_text,2,856,540,Sneha Agarwal,1988-02-09
0318_pan_card_genuine,images/0318_pan_card_genuine.png,masks/0318_pan_card_genuine_mask.png,pan_card,genuine,0,856,540,Divya Rao,1999-02-17
0319_driving_license_tampered_photo,images/0319_driving_license_tampered_photo.png,masks/0319_driving_license_tampered_photo_mask.png,driving_license,tampered_photo,1,856,540,Vikram Nair,1969-08-14
0320_aadhaar_tampered_text,images/0320_aadhaar_tampered_text.png,masks/0320_aadhaar_tampered_text_mask.png,aadhaar,tampered_text,2,856,540,Manish Srivastava,1981-04-16
0321_passport_genuine,images/0321_passport_genuine.png,masks/0321_passport_genuine_mask.png,passport,genuine,0,860,600,Ravi Mehta,1995-10-27
0322_voter_id_tampered_photo,images/0322_voter_id_tampered_photo.png,masks/0322_voter_id_tampered_photo_mask.png,voter_id,tampered_photo,1,856,540,Riya Nair,1986-03-02
0323_pan_card_tampered_text,images/0323_pan_card_tampered_text.png,masks/0323_pan_card_tampered_text_mask.png,pan_card,tampered_text,2,856,540,Mohan Gupta,1963-12-22
0324_driving_license_genuine,images/0324_driving_license_genuine.png,masks/0324_driving_license_genuine_mask.png,driving_license,genuine,0,856,540,Gaurav Rao,1964-01-14
0325_aadhaar_tampered_photo,images/0325_aadhaar_tampered_photo.png,masks/0325_aadhaar_tampered_photo_mask.png,aadhaar,tampered_photo,1,856,540,Vivek Iyer,1972-06-16
0326_passport_tampered_text,images/0326_passport_tampered_text.png,masks/0326_passport_tampered_text_mask.png,passport,tampered_text,2,860,600,Neha Dubey,1963-02-11
0327_voter_id_genuine,images/0327_voter_id_genuine.png,masks/0327_voter_id_genuine_mask.png,voter_id,genuine,0,856,540,Manish Rao,1982-01-22
0328_pan_card_tampered_photo,images/0328_pan_card_tampered_photo.png,masks/0328_pan_card_tampered_photo_mask.png,pan_card,tampered_photo,1,856,540,Varun Agarwal,1999-06-01
0329_driving_license_tampered_text,images/0329_driving_license_tampered_text.png,masks/0329_driving_license_tampered_text_mask.png,driving_license,tampered_text,2,856,540,Aditi Gupta,1998-09-20
0330_aadhaar_genuine,images/0330_aadhaar_genuine.png,masks/0330_aadhaar_genuine_mask.png,aadhaar,genuine,0,856,540,Kavya Tiwari,1981-02-26
0331_passport_tampered_photo,images/0331_passport_tampered_photo.png,masks/0331_passport_tampered_photo_mask.png,passport,tampered_photo,1,860,600,Sunita Sharma,1989-11-21
0332_voter_id_tampered_text,images/0332_voter_id_tampered_text.png,masks/0332_voter_id_tampered_text_mask.png,voter_id,tampered_text,2,856,540,Sneha Joshi,1970-05-14
0333_pan_card_genuine,images/0333_pan_card_genuine.png,masks/0333_pan_card_genuine_mask.png,pan_card,genuine,0,856,540,Harsha Mishra,1964-05-19
0334_driving_license_tampered_photo,images/0334_driving_license_tampered_photo.png,masks/0334_driving_license_tampered_photo_mask.png,driving_license,tampered_photo,1,856,540,Tanvi Tiwari,1994-12-30
0335_aadhaar_tampered_text,images/0335_aadhaar_tampered_text.png,masks/0335_aadhaar_tampered_text_mask.png,aadhaar,tampered_text,2,856,540,Rohit Rao,1965-02-11
0336_passport_genuine,images/0336_passport_genuine.png,masks/0336_passport_genuine_mask.png,passport,genuine,0,860,600,Vikram Tiwari,1993-04-04
0337_voter_id_tampered_photo,images/0337_voter_id_tampered_photo.png,masks/0337_voter_id_tampered_photo_mask.png,voter_id,tampered_photo,1,856,540,Amit Kumar,1986-09-09
0338_pan_card_tampered_text,images/0338_pan_card_tampered_text.png,masks/0338_pan_card_tampered_text_mask.png,pan_card,tampered_text,2,856,540,Riya Singh,1993-10-05
0339_driving_license_genuine,images/0339_driving_license_genuine.png,masks/0339_driving_license_genuine_mask.png,driving_license,genuine,0,856,540,Aarav Mishra,1975-11-28
0340_aadhaar_tampered_photo,images/0340_aadhaar_tampered_photo.png,masks/0340_aadhaar_tampered_photo_mask.png,aadhaar,tampered_photo,1,856,540,Suresh Srivastava,1995-03-29
0341_passport_tampered_text,images/0341_passport_tampered_text.png,masks/0341_passport_tampered_text_mask.png,passport,tampered_text,2,860,600,Anjali Bose,1997-02-21
0342_voter_id_genuine,images/0342_voter_id_genuine.png,masks/0342_voter_id_genuine_mask.png,voter_id,genuine,0,856,540,Priya Mukherjee,1998-06-17
0343_pan_card_tampered_photo,images/0343_pan_card_tampered_photo.png,masks/0343_pan_card_tampered_photo_mask.png,pan_card,tampered_photo,1,856,540,Sneha Dubey,1995-01-11
0344_driving_license_tampered_text,images/0344_driving_license_tampered_text.png,masks/0344_driving_license_tampered_text_mask.png,driving_license,tampered_text,2,856,540,Kiran Yadav,1984-04-27
0345_aadhaar_genuine,images/0345_aadhaar_genuine.png,masks/0345_aadhaar_genuine_mask.png,aadhaar,genuine,0,856,540,Yash Iyer,1989-01-09
0346_passport_tampered_photo,images/0346_passport_tampered_photo.png,masks/0346_passport_tampered_photo_mask.png,passport,tampered_photo,1,860,600,Rekha Patel,1965-05-20
0347_voter_id_tampered_text,images/0347_voter_id_tampered_text.png,masks/0347_voter_id_tampered_text_mask.png,voter_id,tampered_text,2,856,540,Preeti Bose,1975-06-02
0348_pan_card_genuine,images/0348_pan_card_genuine.png,masks/0348_pan_card_genuine_mask.png,pan_card,genuine,0,856,540,Nikhil Mukherjee,1978-11-24
0349_driving_license_tampered_photo,images/0349_driving_license_tampered_photo.png,masks/0349_driving_license_tampered_photo_mask.png,driving_license,tampered_photo,1,856,540,Riya Yadav,1997-02-05
0350_aadhaar_tampered_text,images/0350_aadhaar_tampered_text.png,masks/0350_aadhaar_tampered_text_mask.png,aadhaar,tampered_text,2,856,540,Pooja Mishra,1971-02-14
0351_passport_genuine,images/0351_passport_genuine.png,masks/0351_passport_genuine_mask.png,passport,genuine,0,860,600,Aarav Mishra,1973-04-25
0352_voter_id_tampered_photo,images/0352_voter_id_tampered_photo.png,masks/0352_voter_id_tampered_photo_mask.png,voter_id,tampered_photo,1,856,540,Meera Singh,1968-10-23
0353_pan_card_tampered_text,images/0353_pan_card_tampered_text.png,masks/0353_pan_card_tampered_text_mask.png,pan_card,tampered_text,2,856,540,Suresh Saxena,1995-08-26
0354_driving_license_genuine,images/0354_driving_license_genuine.png,masks/0354_driving_license_genuine_mask.png,driving_license,genuine,0,856,540,Rajesh Malhotra,1973-06-15
0355_aadhaar_tampered_photo,images/0355_aadhaar_tampered_photo.png,masks/0355_aadhaar_tampered_photo_mask.png,aadhaar,tampered_photo,1,856,540,Kiran Tiwari,1963-08-02
0356_passport_tampered_text,images/0356_passport_tampered_text.png,masks/0356_passport_tampered_text_mask.png,passport,tampered_text,2,860,600,Anjali Dubey,1967-05-25
0357_voter_id_genuine,images/0357_voter_id_genuine.png,masks/0357_voter_id_genuine_mask.png,voter_id,genuine,0,856,540,Gaurav Chopra,1966-09-13
0358_pan_card_tampered_photo,images/0358_pan_card_tampered_photo.png,masks/0358_pan_card_tampered_photo_mask.png,pan_card,tampered_photo,1,856,540,Divya Mukherjee,1969-08-03
0359_driving_license_tampered_text,images/0359_driving_license_tampered_text.png,masks/0359_driving_license_tampered_text_mask.png,driving_license,tampered_text,2,856,540,Rahul Tiwari,1974-06-14
0360_aadhaar_genuine,images/0360_aadhaar_genuine.png,masks/0360_aadhaar_genuine_mask.png,aadhaar,genuine,0,856,540,Kavya Chopra,2000-12-24
0361_passport_tampered_photo,images/0361_passport_tampered_photo.png,masks/0361_passport_tampered_photo_mask.png,passport,tampered_photo,1,860,600,Arjun Nair,1978-06-19
0362_voter_id_tampered_text,images/0362_voter_id_tampered_text.png,masks/0362_voter_id_tampered_text_mask.png,voter_id,tampered_text,2,856,540,Nikhil Yadav,1966-03-02
0363_pan_card_genuine,images/0363_pan_card_genuine.png,masks/0363_pan_card_genuine_mask.png,pan_card,genuine,0,856,540,Divya Kumar,1975-10-17
0364_driving_license_tampered_photo,images/0364_driving_license_tampered_photo.png,masks/0364_driving_license_tampered_photo_mask.png,driving_license,tampered_photo,1,856,540,Anjali Agarwal,1992-10-20
0365_aadhaar_tampered_text,images/0365_aadhaar_tampered_text.png,masks/0365_aadhaar_tampered_text_mask.png,aadhaar,tampered_text,2,856,540,Preeti Rao,1974-11-24
0366_passport_genuine,images/0366_passport_genuine.png,masks/0366_passport_genuine_mask.png,passport,genuine,0,860,600,Deepa Dubey,1976-08-31
0367_voter_id_tampered_photo,images/0367_voter_id_tampered_photo.png,masks/0367_voter_id_tampered_photo_mask.png,voter_id,tampered_photo,1,856,540,Kiran Srivastava,1997-10-24
0368_pan_card_tampered_text,images/0368_pan_card_tampered_text.png,masks/0368_pan_card_tampered_text_mask.png,pan_card,tampered_text,2,856,540,Sunita Tiwari,1969-11-04
0369_driving_license_genuine,images/0369_driving_license_genuine.png,masks/0369_driving_license_genuine_mask.png,driving_license,genuine,0,856,540,Sachin Das,1996-09-28
0370_aadhaar_tampered_photo,images/0370_aadhaar_tampered_photo.png,masks/0370_aadhaar_tampered_photo_mask.png,aadhaar,tampered_photo,1,856,540,Rekha Pandey,1963-02-04
0371_passport_tampered_text,images/0371_passport_tampered_text.png,masks/0371_passport_tampered_text_mask.png,passport,tampered_text,2,860,600,Manish Iyer,1996-06-02
0372_voter_id_genuine,images/0372_voter_id_genuine.png,masks/0372_voter_id_genuine_mask.png,voter_id,genuine,0,856,540,Sanjay Patel,1979-06-25
0373_pan_card_tampered_photo,images/0373_pan_card_tampered_photo.png,masks/0373_pan_card_tampered_photo_mask.png,pan_card,tampered_photo,1,856,540,Nikhil Patel,1997-03-16
0374_driving_license_tampered_text,images/0374_driving_license_tampered_text.png,masks/0374_driving_license_tampered_text_mask.png,driving_license,tampered_text,2,856,540,Rekha Banerjee,1978-03-27
0375_aadhaar_genuine,images/0375_aadhaar_genuine.png,masks/0375_aadhaar_genuine_mask.png,aadhaar,genuine,0,856,540,Preeti Reddy,1968-02-22
0376_passport_tampered_photo,images/0376_passport_tampered_photo.png,masks/0376_passport_tampered_photo_mask.png,passport,tampered_photo,1,860,600,Sanjay Gupta,1978-09-06
0377_voter_id_tampered_text,images/0377_voter_id_tampered_text.png,masks/0377_voter_id_tampered_text_mask.png,voter_id,tampered_text,2,856,540,Divya Pandey,1978-08-17
0378_pan_card_genuine,images/0378_pan_card_genuine.png,masks/0378_pan_card_genuine_mask.png,pan_card,genuine,0,856,540,Rekha Joshi,1978-06-20
0379_driving_license_tampered_photo,images/0379_driving_license_tampered_photo.png,masks/0379_driving_license_tampered_photo_mask.png,driving_license,tampered_photo,1,856,540,Arjun Kapoor,1993-07-21
0380_aadhaar_tampered_text,images/0380_aadhaar_tampered_text.png,masks/0380_aadhaar_tampered_text_mask.png,aadhaar,tampered_text,2,856,540,Arjun Joshi,1987-02-23
0381_passport_genuine,images/0381_passport_genuine.png,masks/0381_passport_genuine_mask.png,passport,genuine,0,860,600,Manish Malhotra,1973-04-15
0382_voter_id_tampered_photo,images/0382_voter_id_tampered_photo.png,masks/0382_voter_id_tampered_photo_mask.png,voter_id,tampered_photo,1,856,540,Sangeeta Malhotra,1981-02-16
0383_pan_card_tampered_text,images/0383_pan_card_tampered_text.png,masks/0383_pan_card_tampered_text_mask.png,pan_card,tampered_text,2,856,540,Sunita Agarwal,1972-11-30
0384_driving_license_genuine,images/0384_driving_license_genuine.png,masks/0384_driving_license_genuine_mask.png,driving_license,genuine,0,856,540,Vivek Mukherjee,1969-12-27
0385_aadhaar_tampered_photo,images/0385_aadhaar_tampered_photo.png,masks/0385_aadhaar_tampered_photo_mask.png,aadhaar,tampered_photo,1,856,540,Manish Das,1969-12-10
0386_passport_tampered_text,images/0386_passport_tampered_text.png,masks/0386_passport_tampered_text_mask.png,passport,tampered_text,2,860,600,Divya Bose,1962-03-09
0387_voter_id_genuine,images/0387_voter_id_genuine.png,masks/0387_voter_id_genuine_mask.png,voter_id,genuine,0,856,540,Swati Mishra,1991-12-01
0388_pan_card_tampered_photo,images/0388_pan_card_tampered_photo.png,masks/0388_pan_card_tampered_photo_mask.png,pan_card,tampered_photo,1,856,540,Sachin Bose,1993-09-30
0389_driving_license_tampered_text,images/0389_driving_license_tampered_text.png,masks/0389_driving_license_tampered_text_mask.png,driving_license,tampered_text,2,856,540,Tanvi Yadav,1972-12-01
0390_aadhaar_genuine,images/0390_aadhaar_genuine.png,masks/0390_aadhaar_genuine_mask.png,aadhaar,genuine,0,856,540,Rahul Mehta,1994-09-23
0391_passport_tampered_photo,images/0391_passport_tampered_photo.png,masks/0391_passport_tampered_photo_mask.png,passport,tampered_photo,1,860,600,Nikhil Patel,1965-02-06
0392_voter_id_tampered_text,images/0392_voter_id_tampered_text.png,masks/0392_voter_id_tampered_text_mask.png,voter_id,tampered_text,2,856,540,Rajesh Verma,1984-08-15
0393_pan_card_genuine,images/0393_pan_card_genuine.png,masks/0393_pan_card_genuine_mask.png,pan_card,genuine,0,856,540,Nikhil Sharma,1996-07-19
0394_driving_license_tampered_photo,images/0394_driving_license_tampered_photo.png,masks/0394_driving_license_tampered_photo_mask.png,driving_license,tampered_photo,1,856,540,Nikhil Nair,1966-04-26
0395_aadhaar_tampered_text,images/0395_aadhaar_tampered_text.png,masks/0395_aadhaar_tampered_text_mask.png,aadhaar,tampered_text,2,856,540,Divya Verma,1961-08-31
0396_passport_genuine,images/0396_passport_genuine.png,masks/0396_passport_genuine_mask.png,passport,genuine,0,860,600,Sachin Reddy,1960-12-06
0397_voter_id_tampered_photo,images/0397_voter_id_tampered_photo.png,masks/0397_voter_id_tampered_photo_mask.png,voter_id,tampered_photo,1,856,540,Vivek Reddy,1970-11-16
0398_pan_card_tampered_text,images/0398_pan_card_tampered_text.png,masks/0398_pan_card_tampered_text_mask.png,pan_card,tampered_text,2,856,540,Swati Agarwal,1970-08-05
0399_driving_license_genuine,images/0399_driving_license_genuine.png,masks/0399_driving_license_genuine_mask.png,driving_license,genuine,0,856,540,Swati Verma,1983-07-30
0400_aadhaar_tampered_photo,images/0400_aadhaar_tampered_photo.png,masks/0400_aadhaar_tampered_photo_mask.png,aadhaar,tampered_photo,1,856,540,Rahul Chopra,1976-04-21
0401_passport_tampered_text,images/0401_passport_tampered_text.png,masks/0401_passport_tampered_text_mask.png,passport,tampered_text,2,860,600,Rekha Mehta,1994-08-09
0402_voter_id_genuine,images/0402_voter_id_genuine.png,masks/0402_voter_id_genuine_mask.png,voter_id,genuine,0,856,540,Priya Yadav,1994-08-14
0403_pan_card_tampered_photo,images/0403_pan_card_tampered_photo.png,masks/0403_pan_card_tampered_photo_mask.png,pan_card,tampered_photo,1,856,540,Kavya Malhotra,1997-10-31
0404_driving_license_tampered_text,images/0404_driving_license_tampered_text.png,masks/0404_driving_license_tampered_text_mask.png,driving_license,tampered_text,2,856,540,Tanvi Das,1966-07-07
0405_aadhaar_genuine,images/0405_aadhaar_genuine.png,masks/0405_aadhaar_genuine_mask.png,aadhaar,genuine,0,856,540,Pooja Mukherjee,1979-11-09
0406_passport_tampered_photo,images/0406_passport_tampered_photo.png,masks/0406_passport_tampered_photo_mask.png,passport,tampered_photo,1,860,600,Arjun Kapoor,1962-01-01
0407_voter_id_tampered_text,images/0407_voter_id_tampered_text.png,masks/0407_voter_id_tampered_text_mask.png,voter_id,tampered_text,2,856,540,Ajay Mishra,1997-08-02
0408_pan_card_genuine,images/0408_pan_card_genuine.png,masks/0408_pan_card_genuine_mask.png,pan_card,genuine,0,856,540,Gaurav Singh,1990-07-02
0409_driving_license_tampered_photo,images/0409_driving_license_tampered_photo.png,masks/0409_driving_license_tampered_photo_mask.png,driving_license,tampered_photo,1,856,540,Deepa Agarwal,1964-03-23
0410_aadhaar_tampered_text,images/0410_aadhaar_tampered_text.png,masks/0410_aadhaar_tampered_text_mask.png,aadhaar,tampered_text,2,856,540,Suresh Pillai,1997-05-10
0411_passport_genuine,images/0411_passport_genuine.png,masks/0411_passport_genuine_mask.png,passport,genuine,0,860,600,Gaurav Patel,1984-08-03
0412_voter_id_tampered_photo,images/0412_voter_id_tampered_photo.png,masks/0412_voter_id_tampered_photo_mask.png,voter_id,tampered_photo,1,856,540,Ajay Malhotra,1985-03-24
0413_pan_card_tampered_text,images/0413_pan_card_tampered_text.png,masks/0413_pan_card_tampered_text_mask.png,pan_card,tampered_text,2,856,540,Arjun Mishra,1989-06-27
0414_driving_license_genuine,images/0414_driving_license_genuine.png,masks/0414_driving_license_genuine_mask.png,driving_license,genuine,0,856,540,Nikhil Mehta,1978-05-25
0415_aadhaar_tampered_photo,images/0415_aadhaar_tampered_photo.png,masks/0415_aadhaar_tampered_photo_mask.png,aadhaar,tampered_photo,1,856,540,Riya Patel,1975-04-06
0416_passport_tampered_text,images/0416_passport_tampered_text.png,masks/0416_passport_tampered_text_mask.png,passport,tampered_text,2,860,600,Preeti Mishra,1985-10-24
0417_voter_id_genuine,images/0417_voter_id_genuine.png,masks/0417_voter_id_genuine_mask.png,voter_id,genuine,0,856,540,Rohit Banerjee,1960-01-26
0418_pan_card_tampered_photo,images/0418_pan_card_tampered_photo.png,masks/0418_pan_card_tampered_photo_mask.png,pan_card,tampered_photo,1,856,540,Harsha Tiwari,1971-11-20
0419_driving_license_tampered_text,images/0419_driving_license_tampered_text.png,masks/0419_driving_license_tampered_text_mask.png,driving_license,tampered_text,2,856,540,Sneha Kumar,1971-01-13
0420_aadhaar_genuine,images/0420_aadhaar_genuine.png,masks/0420_aadhaar_genuine_mask.png,aadhaar,genuine,0,856,540,Priya Sharma,1991-01-10
0421_passport_tampered_photo,images/0421_passport_tampered_photo.png,masks/0421_passport_tampered_photo_mask.png,passport,tampered_photo,1,860,600,Arjun Saxena,1976-06-09
0422_voter_id_tampered_text,images/0422_voter_id_tampered_text.png,masks/0422_voter_id_tampered_text_mask.png,voter_id,tampered_text,2,856,540,Meera Gupta,1973-12-25
0423_pan_card_genuine,images/0423_pan_card_genuine.png,masks/0423_pan_card_genuine_mask.png,pan_card,genuine,0,856,540,Kavya Kumar,1988-07-19
0424_driving_license_tampered_photo,images/0424_driving_license_tampered_photo.png,masks/0424_driving_license_tampered_photo_mask.png,driving_license,tampered_photo,1,856,540,Yash Kapoor,1974-11-09
0425_aadhaar_tampered_text,images/0425_aadhaar_tampered_text.png,masks/0425_aadhaar_tampered_text_mask.png,aadhaar,tampered_text,2,856,540,Kiran Kapoor,1989-11-06
0426_passport_genuine,images/0426_passport_genuine.png,masks/0426_passport_genuine_mask.png,passport,genuine,0,860,600,Yash Saxena,2000-04-17
0427_voter_id_tampered_photo,images/0427_voter_id_tampered_photo.png,masks/0427_voter_id_tampered_photo_mask.png,voter_id,tampered_photo,1,856,540,Gaurav Das,1999-10-11
0428_pan_card_tampered_text,images/0428_pan_card_tampered_text.png,masks/0428_pan_card_tampered_text_mask.png,pan_card,tampered_text,2,856,540,Aditi Pandey,1999-07-05
0429_driving_license_genuine,images/0429_driving_license_genuine.png,masks/0429_driving_license_genuine_mask.png,driving_license,genuine,0,856,540,Divya Dubey,1973-05-29
0430_aadhaar_tampered_photo,images/0430_aadhaar_tampered_photo.png,masks/0430_aadhaar_tampered_photo_mask.png,aadhaar,tampered_photo,1,856,540,Ravi Malhotra,1980-09-27
0431_passport_tampered_text,images/0431_passport_tampered_text.png,masks/0431_passport_tampered_text_mask.png,passport,tampered_text,2,860,600,Divya Rao,1988-06-02
0432_voter_id_genuine,images/0432_voter_id_genuine.png,masks/0432_voter_id_genuine_mask.png,voter_id,genuine,0,856,540,Preeti Das,1991-07-18
0433_pan_card_tampered_photo,images/0433_pan_card_tampered_photo.png,masks/0433_pan_card_tampered_photo_mask.png,pan_card,tampered_photo,1,856,540,Swati Bose,1977-07-05
0434_driving_license_tampered_text,images/0434_driving_license_tampered_text.png,masks/0434_driving_license_tampered_text_mask.png,driving_license,tampered_text,2,856,540,Arjun Rao,1961-04-02
0435_aadhaar_genuine,images/0435_aadhaar_genuine.png,masks/0435_aadhaar_genuine_mask.png,aadhaar,genuine,0,856,540,Aditi Reddy,1987-04-30
0436_passport_tampered_photo,images/0436_passport_tampered_photo.png,masks/0436_passport_tampered_photo_mask.png,passport,tampered_photo,1,860,600,Sangeeta Malhotra,1999-09-19
0437_voter_id_tampered_text,images/0437_voter_id_tampered_text.png,masks/0437_voter_id_tampered_text_mask.png,voter_id,tampered_text,2,856,540,Ravi Malhotra,1980-07-09
0438_pan_card_genuine,images/0438_pan_card_genuine.png,masks/0438_pan_card_genuine_mask.png,pan_card,genuine,0,856,540,Sneha Rao,1982-09-27
0439_driving_license_tampered_photo,images/0439_driving_license_tampered_photo.png,masks/0439_driving_license_tampered_photo_mask.png,driving_license,tampered_photo,1,856,540,Manish Mehta,1962-04-30
0440_aadhaar_tampered_text,images/0440_aadhaar_tampered_text.png,masks/0440_aadhaar_tampered_text_mask.png,aadhaar,tampered_text,2,856,540,Preeti Banerjee,1984-09-12
0441_passport_genuine,images/0441_passport_genuine.png,masks/0441_passport_genuine_mask.png,passport,genuine,0,860,600,Harsha Pandey,1963-09-09
0442_voter_id_tampered_photo,images/0442_voter_id_tampered_photo.png,masks/0442_voter_id_tampered_photo_mask.png,voter_id,tampered_photo,1,856,540,Sachin Mishra,1993-04-06
0443_pan_card_tampered_text,images/0443_pan_card_tampered_text.png,masks/0443_pan_card_tampered_text_mask.png,pan_card,tampered_text,2,856,540,Kavya Pandey,1977-04-16
0444_driving_license_genuine,images/0444_driving_license_genuine.png,masks/0444_driving_license_genuine_mask.png,driving_license,genuine,0,856,540,Ajay Tiwari,1962-05-19
0445_aadhaar_tampered_photo,images/0445_aadhaar_tampered_photo.png,masks/0445_aadhaar_tampered_photo_mask.png,aadhaar,tampered_photo,1,856,540,Sanjay Yadav,1979-05-24
0446_passport_tampered_text,images/0446_passport_tampered_text.png,masks/0446_passport_tampered_text_mask.png,passport,tampered_text,2,860,600,Neha Joshi,1962-04-06
0447_voter_id_genuine,images/0447_voter_id_genuine.png,masks/0447_voter_id_genuine_mask.png,voter_id,genuine,0,856,540,Priya Srivastava,1992-02-04
0448_pan_card_tampered_photo,images/0448_pan_card_tampered_photo.png,masks/0448_pan_card_tampered_photo_mask.png,pan_card,tampered_photo,1,856,540,Divya Malhotra,1992-11-13
0449_driving_license_tampered_text,images/0449_driving_license_tampered_text.png,masks/0449_driving_license_tampered_text_mask.png,driving_license,tampered_text,2,856,540,Priya Verma,1983-12-06
0450_aadhaar_genuine,images/0450_aadhaar_genuine.png,masks/0450_aadhaar_genuine_mask.png,aadhaar,genuine,0,856,540,Rekha Chopra,1972-09-13
0451_passport_tampered_photo,images/0451_passport_tampered_photo.png,masks/0451_passport_tampered_photo_mask.png,passport,tampered_photo,1,860,600,Nikhil Pandey,1991-02-04
0452_voter_id_tampered_text,images/0452_voter_id_tampered_text.png,masks/0452_voter_id_tampered_text_mask.png,voter_id,tampered_text,2,856,540,Rohit Nair,1996-05-07
0453_pan_card_genuine,images/0453_pan_card_genuine.png,masks/0453_pan_card_genuine_mask.png,pan_card,genuine,0,856,540,Aarav Nair,1989-12-26
0454_driving_license_tampered_photo,images/0454_driving_license_tampered_photo.png,masks/0454_driving_license_tampered_photo_mask.png,driving_license,tampered_photo,1,856,540,Priya Singh,1975-09-23
0455_aadhaar_tampered_text,images/0455_aadhaar_tampered_text.png,masks/0455_aadhaar_tampered_text_mask.png,aadhaar,tampered_text,2,856,540,Swati Yadav,1991-07-22
0456_passport_genuine,images/0456_passport_genuine.png,masks/0456_passport_genuine_mask.png,passport,genuine,0,860,600,Sunita Mukherjee,1998-11-01
0457_voter_id_tampered_photo,images/0457_voter_id_tampered_photo.png,masks/0457_voter_id_tampered_photo_mask.png,voter_id,tampered_photo,1,856,540,Aditi Das,1974-10-08
0458_pan_card_tampered_text,images/0458_pan_card_tampered_text.png,masks/0458_pan_card_tampered_text_mask.png,pan_card,tampered_text,2,856,540,Pooja Tiwari,1978-06-03
0459_driving_license_genuine,images/0459_driving_license_genuine.png,masks/0459_driving_license_genuine_mask.png,driving_license,genuine,0,856,540,Preeti Sharma,1987-02-20
0460_aadhaar_tampered_photo,images/0460_aadhaar_tampered_photo.png,masks/0460_aadhaar_tampered_photo_mask.png,aadhaar,tampered_photo,1,856,540,Ravi Sharma,1977-07-24
0461_passport_tampered_text,images/0461_passport_tampered_text.png,masks/0461_passport_tampered_text_mask.png,passport,tampered_text,2,860,600,Swati Tiwari,1981-12-25
0462_voter_id_genuine,images/0462_voter_id_genuine.png,masks/0462_voter_id_genuine_mask.png,voter_id,genuine,0,856,540,Rajesh Singh,1972-06-28
0463_pan_card_tampered_photo,images/0463_pan_card_tampered_photo.png,masks/0463_pan_card_tampered_photo_mask.png,pan_card,tampered_photo,1,856,540,Nikhil Das,1975-03-31
0464_driving_license_tampered_text,images/0464_driving_license_tampered_text.png,masks/0464_driving_license_tampered_text_mask.png,driving_license,tampered_text,2,856,540,Manish Pillai,1978-06-19
0465_aadhaar_genuine,images/0465_aadhaar_genuine.png,masks/0465_aadhaar_genuine_mask.png,aadhaar,genuine,0,856,540,Rahul Verma,1991-04-02
0466_passport_tampered_photo,images/0466_passport_tampered_photo.png,masks/0466_passport_tampered_photo_mask.png,passport,tampered_photo,1,860,600,Sunita Saxena,1976-12-21
0467_voter_id_tampered_text,images/0467_voter_id_tampered_text.png,masks/0467_voter_id_tampered_text_mask.png,voter_id,tampered_text,2,856,540,Swati Dubey,1973-02-05
0468_pan_card_genuine,images/0468_pan_card_genuine.png,masks/0468_pan_card_genuine_mask.png,pan_card,genuine,0,856,540,Nikhil Bose,1978-05-22
0469_driving_license_tampered_photo,images/0469_driving_license_tampered_photo.png,masks/0469_driving_license_tampered_photo_mask.png,driving_license,tampered_photo,1,856,540,Aditi Chopra,1970-01-23
0470_aadhaar_tampered_text,images/0470_aadhaar_tampered_text.png,masks/0470_aadhaar_tampered_text_mask.png,aadhaar,tampered_text,2,856,540,Ravi Chatterjee,1984-09-04
0471_passport_genuine,images/0471_passport_genuine.png,masks/0471_passport_genuine_mask.png,passport,genuine,0,860,600,Rekha Mukherjee,1965-12-27
0472_voter_id_tampered_photo,images/0472_voter_id_tampered_photo.png,masks/0472_voter_id_tampered_photo_mask.png,voter_id,tampered_photo,1,856,540,Sunita Kumar,1985-05-11
0473_pan_card_tampered_text,images/0473_pan_card_tampered_text.png,masks/0473_pan_card_tampered_text_mask.png,pan_card,tampered_text,2,856,540,Amit Dubey,1986-11-09
0474_driving_license_genuine,images/0474_driving_license_genuine.png,masks/0474_driving_license_genuine_mask.png,driving_license,genuine,0,856,540,Kavya Sharma,1989-09-22
0475_aadhaar_tampered_photo,images/0475_aadhaar_tampered_photo.png,masks/0475_aadhaar_tampered_photo_mask.png,aadhaar,tampered_photo,1,856,540,Rahul Rao,1963-02-08
0476_passport_tampered_text,images/0476_passport_tampered_text.png,masks/0476_passport_tampered_text_mask.png,passport,tampered_text,2,860,600,Harsha Singh,1996-04-06
0477_voter_id_genuine,images/0477_voter_id_genuine.png,masks/0477_voter_id_genuine_mask.png,voter_id,genuine,0,856,540,Sachin Agarwal,1996-07-14
0478_pan_card_tampered_photo,images/0478_pan_card_tampered_photo.png,masks/0478_pan_card_tampered_photo_mask.png,pan_card,tampered_photo,1,856,540,Anjali Patel,1969-10-17
0479_driving_license_tampered_text,images/0479_driving_license_tampered_text.png,masks/0479_driving_license_tampered_text_mask.png,driving_license,tampered_text,2,856,540,Rajesh Mishra,1970-09-23
0480_aadhaar_genuine,images/0480_aadhaar_genuine.png,masks/0480_aadhaar_genuine_mask.png,aadhaar,genuine,0,856,540,Sneha Mishra,1999-12-20
0481_passport_tampered_photo,images/0481_passport_tampered_photo.png,masks/0481_passport_tampered_photo_mask.png,passport,tampered_photo,1,860,600,Neha Bose,1960-06-06
0482_voter_id_tampered_text,images/0482_voter_id_tampered_text.png,masks/0482_voter_id_tampered_text_mask.png,voter_id,tampered_text,2,856,540,Deepa Joshi,1982-07-16
0483_pan_card_genuine,images/0483_pan_card_genuine.png,masks/0483_pan_card_genuine_mask.png,pan_card,genuine,0,856,540,Manish Pandey,1975-07-22
0484_driving_license_tampered_photo,images/0484_driving_license_tampered_photo.png,masks/0484_driving_license_tampered_photo_mask.png,driving_license,tampered_photo,1,856,540,Sachin Tiwari,1975-02-22
0485_aadhaar_tampered_text,images/0485_aadhaar_tampered_text.png,masks/0485_aadhaar_tampered_text_mask.png,aadhaar,tampered_text,2,856,540,Vikram Joshi,1964-05-28
0486_passport_genuine,images/0486_passport_genuine.png,masks/0486_passport_genuine_mask.png,passport,genuine,0,860,600,Rohit Kapoor,1968-11-24
0487_voter_id_tampered_photo,images/0487_voter_id_tampered_photo.png,masks/0487_voter_id_tampered_photo_mask.png,voter_id,tampered_photo,1,856,540,Vivek Kumar,1990-12-30
0488_pan_card_tampered_text,images/0488_pan_card_tampered_text.png,masks/0488_pan_card_tampered_text_mask.png,pan_card,tampered_text,2,856,540,Vikram Singh,1980-02-12
0489_driving_license_genuine,images/0489_driving_license_genuine.png,masks/0489_driving_license_genuine_mask.png,driving_license,genuine,0,856,540,Sneha Chatterjee,1984-07-08
0490_aadhaar_tampered_photo,images/0490_aadhaar_tampered_photo.png,masks/0490_aadhaar_tampered_photo_mask.png,aadhaar,tampered_photo,1,856,540,Swati Tiwari,1992-01-04
0491_passport_tampered_text,images/0491_passport_tampered_text.png,masks/0491_passport_tampered_text_mask.png,passport,tampered_text,2,860,600,Tanvi Pillai,1967-09-16
0492_voter_id_genuine,images/0492_voter_id_genuine.png,masks/0492_voter_id_genuine_mask.png,voter_id,genuine,0,856,540,Sachin Chatterjee,1960-04-23
0493_pan_card_tampered_photo,images/0493_pan_card_tampered_photo.png,masks/0493_pan_card_tampered_photo_mask.png,pan_card,tampered_photo,1,856,540,Preeti Pandey,1983-06-07
0494_driving_license_tampered_text,images/0494_driving_license_tampered_text.png,masks/0494_driving_license_tampered_text_mask.png,driving_license,tampered_text,2,856,540,Manish Gupta,1967-07-30
0495_aadhaar_genuine,images/0495_aadhaar_genuine.png,masks/0495_aadhaar_genuine_mask.png,aadhaar,genuine,0,856,540,Manish Iyer,1998-07-11
0496_passport_tampered_photo,images/0496_passport_tampered_photo.png,masks/0496_passport_tampered_photo_mask.png,passport,tampered_photo,1,860,600,Rahul Pillai,1982-07-16
0497_voter_id_tampered_text,images/0497_voter_id_tampered_text.png,masks/0497_voter_id_tampered_text_mask.png,voter_id,tampered_text,2,856,540,Deepa Iyer,1989-06-22
0498_pan_card_genuine,images/0498_pan_card_genuine.png,masks/0498_pan_card_genuine_mask.png,pan_card,genuine,0,856,540,Mohan Iyer,1969-12-26
0499_driving_license_tampered_photo,images/0499_driving_license_tampered_photo.png,masks/0499_driving_license_tampered_photo_mask.png,driving_license,tampered_photo,1,856,540,Amit Banerjee,1992-05-01
